name	status	was_destination	is_destination	was_lines	is_lines	moved_topic
a_gesture_holds_the_pointer	retained	runtime/mouse.rs	runtime/mouse.rs	23	23	False
a_modal_covers_the_window	retained	runtime/windows.rs	runtime/windows.rs	8	8	False
a_modal_holds_the_window	added		runtime/windows.rs		3	False
a_surface_above_the_clipboard_rung_holds_the_keyboard	retained	runtime/keyboard.rs	runtime/keyboard.rs	14	14	False
abandon_a_window_nothing_arrived_in	retained	runtime/windows.rs	runtime/windows.rs	16	8	False
absorb_tab	retained	runtime/tabs.rs	runtime/tabs.rs	73	73	False
activate_files_row	retained	runtime/files.rs	runtime/files.rs	17	17	False
activate_hyperlink	retained	runtime/frame.rs	runtime/frame.rs	129	151	False
activate_hyperlink_hover_if_due	retained	runtime/mouse.rs	runtime/mouse.rs	17	19	False
activate_local_image_path	retained	runtime/preview.rs	runtime/preview.rs	10	10	False
activate_peek_if_due	retained	runtime/peek.rs	runtime/peek.rs	6	6	False
activate_tab	retained	runtime/tabs.rs	runtime/tabs.rs	81	90	False
add_scheme	retained	runtime/settings.rs	runtime/settings.rs	54	54	False
add_to_profile	retained	runtime/profiles.rs	runtime/profiles.rs	34	34	False
adopt_application_change	retained	runtime/diagnostics.rs	runtime/diagnostics.rs	25	25	False
adopt_background_picture	retained	runtime/preview.rs	runtime/preview.rs	26	26	False
adopt_clipboard_picture	added		runtime/preview.rs		31	False
adopt_new_cursor_style	retained	runtime/mouse.rs	runtime/mouse.rs	6	6	False
adopt_new_language	retained	runtime/i18n.rs	runtime/i18n.rs	21	21	False
adopt_new_palette	retained	runtime/palette.rs	runtime/palette.rs	53	53	False
adopt_option_as_alt	retained	unassigned	unassigned	16	16	False
adopt_profile_table	retained	runtime/profiles.rs	runtime/profiles.rs	8	9	False
adopt_terminal_font	retained	runtime/terminal.rs	runtime/terminal.rs	36	36	False
advance_animations	retained	runtime/preview.rs	runtime/preview.rs	7	7	False
advance_card_hint	retained	runtime/focus.rs	runtime/focus.rs	8	16	False
advance_chevrons	retained	runtime/floats.rs	runtime/floats.rs	67	67	False
advance_command_flash	retained	unassigned	unassigned	12	19	False
advance_command_rails	retained	runtime/panes.rs	runtime/panes.rs	9	13	False
advance_cursor_blink_if_due	retained	runtime/keyboard.rs	runtime/keyboard.rs	26	26	False
advance_drag_autoscroll	gone	runtime/mouse.rs		53		False
advance_drag_spring	retained	runtime/mouse.rs	runtime/mouse.rs	16	16	False
advance_file_peek	retained	runtime/peek.rs	runtime/peek.rs	24	38	False
advance_files_watch	retained	runtime/files.rs	runtime/files.rs	61	61	False
advance_float	retained	runtime/floats.rs	runtime/floats.rs	63	77	False
advance_foot_reveal	retained	unassigned	unassigned	17	17	False
advance_git_watch	retained	runtime/git.rs	runtime/git.rs	34	34	False
advance_key_hint_if_due	retained	runtime/keyboard.rs	runtime/keyboard.rs	7	13	False
advance_layout_peek_if_due	retained	runtime/peek.rs	runtime/peek.rs	10	10	False
advance_live_math_if_due	retained	runtime/math.rs	runtime/math.rs	35	37	False
advance_math_toggle_if_due	added		runtime/math.rs		44	False
advance_math_tools_if_due	retained	runtime/math.rs	runtime/math.rs	7	31	False
advance_page_foot_clocks	retained	unassigned	unassigned	26	30	False
advance_pane_menu	retained	runtime/panes.rs	runtime/panes.rs	34	34	False
advance_preview_notice	retained	runtime/preview.rs	runtime/preview.rs	16	16	False
advance_preview_refusal	retained	runtime/preview.rs	runtime/preview.rs	13	13	False
advance_preview_watch	retained	runtime/preview.rs	runtime/preview.rs	10	10	False
advance_rename_blink_if_due	retained	runtime/tabs.rs	runtime/tabs.rs	9	9	False
advance_retirement	retained	unassigned	unassigned	17	17	False
advance_scheme_watch	retained	runtime/settings.rs	runtime/settings.rs	6	6	False
advance_storage_watch	retained	unassigned	unassigned	7	7	False
advance_strip_animation	retained	runtime/preview.rs	runtime/preview.rs	346	320	False
advance_tab_menu	retained	runtime/tabs.rs	runtime/tabs.rs	24	24	False
advance_tab_press_if_due	retained	runtime/tabs.rs	runtime/tabs.rs	16	16	False
advance_term_menu	retained	runtime/floats.rs	runtime/floats.rs	20	20	False
advance_terminal_thumbs	retained	runtime/focus.rs	runtime/focus.rs	11	15	False
advance_toasts	retained	runtime/attention.rs	runtime/attention.rs	7	22	False
advance_tooltip_if_due	retained	runtime/tooltips.rs	runtime/tooltips.rs	7	17	False
advance_web_page	retained	runtime/web.rs	runtime/web.rs	110	110	False
advanced_open	retained	unassigned	unassigned	10	10	False
after_current_hit_moved	retained	unassigned	unassigned	7	7	False
after_quiet_search_change	retained	runtime/search.rs	runtime/search.rs	3	3	False
after_search_change	retained	runtime/search.rs	runtime/search.rs	23	23	False
agent_is_on_this_machine	retained	runtime/attention.rs	runtime/attention.rs	6	6	False
aim_at_window	retained	runtime/windows.rs	runtime/windows.rs	3	3	False
aim_focus_card_window	retained	runtime/focus.rs	runtime/focus.rs	171	171	False
aim_preview_at_line	retained	runtime/preview.rs	runtime/preview.rs	11	11	False
aim_rail_at	retained	runtime/panes.rs	runtime/panes.rs	16	16	False
aimed_seat_kind	added		runtime/panes.rs		6	False
an_animation_is_running	retained	runtime/preview.rs	runtime/preview.rs	3	3	False
animated_surfaces	retained	unassigned	unassigned	5	5	False
animating_deadline	added		unassigned		4	False
animation_frame_is_due	added		runtime/preview.rs		7	False
animation_path_of	retained	runtime/preview.rs	runtime/preview.rs	7	7	False
animation_refusal_notice	retained	runtime/preview.rs	runtime/preview.rs	8	8	False
animation_running_on	retained	runtime/preview.rs	runtime/preview.rs	6	6	False
announce_checkout	retained	runtime/git.rs	runtime/git.rs	16	16	False
announce_keybindings_fault	retained	runtime/keyboard.rs	runtime/keyboard.rs	11	11	False
announce_persistence_faults	retained	unassigned	unassigned	17	17	False
announce_pins_fault	retained	unassigned	unassigned	11	11	False
announce_profiles_fault	retained	runtime/profiles.rs	runtime/profiles.rs	11	11	False
answer_attention	retained	runtime/attention.rs	runtime/attention.rs	21	21	False
answer_dirty_gate	retained	runtime/windows.rs	runtime/windows.rs	124	124	False
answer_first_run	retained	runtime/first_run.rs	runtime/first_run.rs	44	47	False
answer_psreadline_invite	retained	runtime/first_run.rs	runtime/first_run.rs	19	19	False
answer_quit_card	retained	runtime/focus.rs	runtime/focus.rs	13	13	False
answer_restore	retained	runtime/windows.rs	runtime/windows.rs	82	82	False
answer_restore_prompt	retained	runtime/windows.rs	runtime/windows.rs	8	8	False
append_edge	retained	unassigned	unassigned	11	11	False
apply_acrylic	retained	unassigned	unassigned	16	16	False
apply_always_on_top	retained	unassigned	unassigned	22	22	False
apply_background_image	retained	runtime/preview.rs	runtime/preview.rs	13	13	False
apply_block_max_height	retained	unassigned	unassigned	19	19	False
apply_claude_hooks	retained	runtime/first_run.rs	runtime/first_run.rs	43	67	False
apply_codex_notify	retained	runtime/first_run.rs	runtime/first_run.rs	42	66	False
apply_copilot_hooks	retained	runtime/first_run.rs	runtime/first_run.rs	43	67	False
apply_copy_on_select	retained	runtime/clipboard.rs	runtime/clipboard.rs	5	5	False
apply_cursor_style	retained	runtime/mouse.rs	runtime/mouse.rs	15	15	False
apply_default_profile	retained	runtime/profiles.rs	runtime/profiles.rs	12	12	False
apply_display_formulas	retained	runtime/math.rs	runtime/math.rs	17	17	False
apply_editor_choice	retained	runtime/settings.rs	runtime/settings.rs	190	190	False
apply_explorer_place	retained	unassigned	unassigned	53	53	False
apply_files_results	retained	runtime/files.rs	runtime/files.rs	76	76	False
apply_first_run	retained	runtime/first_run.rs	runtime/first_run.rs	13	13	False
apply_focus_card_height	retained	runtime/focus.rs	runtime/focus.rs	11	11	False
apply_folder_pick_result	retained	runtime/files.rs	runtime/files.rs	51	52	False
apply_git_panel	retained	runtime/git.rs	runtime/git.rs	28	28	False
apply_git_results	retained	runtime/git.rs	runtime/git.rs	296	296	False
apply_image_fit	retained	runtime/preview.rs	runtime/preview.rs	12	12	False
apply_image_pick_result	retained	runtime/preview.rs	runtime/preview.rs	38	38	False
apply_ime_cursor_area	retained	runtime/keyboard.rs	runtime/keyboard.rs	9	20	False
apply_inline_formulas	retained	runtime/math.rs	runtime/math.rs	17	17	False
apply_key_hints	retained	runtime/keyboard.rs	runtime/keyboard.rs	17	17	False
apply_language	retained	runtime/i18n.rs	runtime/i18n.rs	12	12	False
apply_launch_opens	retained	runtime/launch.rs	runtime/launch.rs	5	5	False
apply_line_wrapping	retained	runtime/preview.rs	runtime/preview.rs	21	21	False
apply_math_context_menu_result	retained	runtime/math.rs	runtime/math.rs	17	17	False
apply_math_results	retained	runtime/math.rs	runtime/math.rs	337	339	False
apply_minimum_contrast	retained	unassigned	unassigned	10	10	False
apply_option_sends_alt	retained	unassigned	unassigned	19	19	False
apply_pointer_cursor	retained	runtime/mouse.rs	runtime/mouse.rs	60	62	False
apply_powershell_integration_offer	retained	runtime/first_run.rs	runtime/first_run.rs	8	11	False
apply_preview_results	retained	runtime/preview.rs	runtime/preview.rs	154	154	False
apply_profile_action	retained	runtime/profiles.rs	runtime/profiles.rs	10	10	False
apply_psreadline	retained	runtime/first_run.rs	runtime/first_run.rs	53	59	False
apply_quake_command	retained	runtime/quake.rs	runtime/quake.rs	8	8	False
apply_quake_dismiss	retained	runtime/quake.rs	runtime/quake.rs	8	8	False
apply_quake_profile	retained	runtime/profiles.rs	runtime/profiles.rs	11	11	False
apply_quake_restore	retained	runtime/quake.rs	runtime/quake.rs	8	8	False
apply_repair_row_breaks	added		unassigned		19	False
apply_row_verb	retained	unassigned	unassigned	27	27	False
apply_scale_factor	retained	runtime/dpi.rs	runtime/dpi.rs	51	51	False
apply_scheme	retained	runtime/settings.rs	runtime/settings.rs	30	30	False
apply_scrollback_lines	retained	runtime/terminal.rs	runtime/terminal.rs	21	21	False
apply_search_engine	retained	runtime/search.rs	runtime/search.rs	5	5	False
apply_settings_choice	retained	runtime/settings.rs	runtime/settings.rs	3	3	False
apply_settings_choice_announcing	retained	runtime/settings.rs	runtime/settings.rs	213	284	False
apply_shortcut_edit	retained	runtime/keyboard.rs	runtime/keyboard.rs	29	29	False
apply_slider	retained	unassigned	unassigned	33	33	False
apply_split_direction	retained	runtime/panes.rs	runtime/panes.rs	5	5	False
apply_tables	retained	runtime/tabs.rs	runtime/tabs.rs	17	17	False
apply_terminal_font	retained	runtime/terminal.rs	runtime/terminal.rs	26	35	False
apply_terminal_notifications	retained	runtime/attention.rs	runtime/attention.rs	5	5	False
apply_theme	retained	unassigned	unassigned	15	15	False
apply_theme_mode	retained	unassigned	unassigned	13	13	False
apply_turn_end_notification	retained	runtime/attention.rs	runtime/attention.rs	5	5	False
apply_update_check	retained	unassigned	unassigned	5	5	False
apply_web_outcomes	retained	runtime/web.rs	runtime/web.rs	163	163	False
apply_window_dark_mode	retained	runtime/windows.rs	runtime/windows.rs	12	12	False
apply_window_ground	retained	runtime/windows.rs	runtime/windows.rs	31	31	False
apply_window_min_inner_size	retained	runtime/windows.rs	runtime/windows.rs	16	16	False
arm_card_reads	retained	runtime/focus.rs	runtime/focus.rs	59	59	False
arm_row_press	retained	runtime/mouse.rs	runtime/mouse.rs	20	20	False
armed_file_peek	retained	runtime/peek.rs	runtime/peek.rs	19	19	False
arrange_palette	retained	runtime/palette.rs	runtime/palette.rs	26	26	False
arrival_fits	retained	runtime/launch.rs	runtime/launch.rs	13	13	False
ask_about_the_link_under_the_pointer	added		runtime/mouse.rs		13	False
ask_files_dir	retained	runtime/files.rs	runtime/files.rs	29	29	False
ask_float_directories	retained	runtime/floats.rs	runtime/floats.rs	26	31	False
ask_for_file_indexes	retained	runtime/files.rs	runtime/files.rs	15	15	False
ask_git_for_column	retained	runtime/git.rs	runtime/git.rs	25	25	False
ask_git_for_floats	retained	runtime/git.rs	runtime/git.rs	42	45	False
ask_git_for_graphs	retained	runtime/git.rs	runtime/git.rs	29	29	False
ask_graph_compare	retained	runtime/git.rs	runtime/git.rs	19	19	False
ask_graph_search	retained	runtime/git.rs	runtime/git.rs	36	36	False
ask_the_unwatched_preview_files	retained	runtime/preview.rs	runtime/preview.rs	10	10	False
ask_the_worker_about_a_link_target	added		unassigned		15	False
ask_to_checkout	retained	runtime/git.rs	runtime/git.rs	24	24	False
ask_to_edit_preview_on	retained	runtime/preview.rs	runtime/preview.rs	28	28	False
audible_tabs	retained	runtime/tabs.rs	runtime/tabs.rs	36	36	False
background_image_name	retained	runtime/preview.rs	runtime/preview.rs	10	10	False
background_picture_ceiling	retained	runtime/preview.rs	runtime/preview.rs	13	13	False
begin_drag	retained	runtime/mouse.rs	runtime/mouse.rs	62	63	False
begin_local_selection	retained	runtime/terminal.rs	runtime/terminal.rs	86	103	False
begin_pane_drag	retained	runtime/panes.rs	runtime/panes.rs	27	27	False
begin_present_attempt	added		runtime/frame.rs		24	False
begin_row_drag	retained	runtime/mouse.rs	runtime/mouse.rs	11	11	False
begin_tab_drag	retained	runtime/tabs.rs	runtime/tabs.rs	37	37	False
bring_this_window_forward	added		runtime/windows.rs		10	False
browse_for_background_image	retained	runtime/preview.rs	runtime/preview.rs	15	15	False
browse_for_new_tab_root	retained	runtime/tabs.rs	runtime/tabs.rs	26	26	False
browse_for_program	retained	unassigned	unassigned	20	20	False
browse_for_root	retained	unassigned	unassigned	13	13	False
browse_for_split_root	retained	runtime/panes.rs	runtime/panes.rs	13	13	False
browse_for_start_folder	retained	runtime/files.rs	runtime/files.rs	14	14	False
build_git_graph	retained	runtime/git.rs	runtime/git.rs	138	138	False
build_preview_body	retained	runtime/preview.rs	runtime/preview.rs	13	13	False
build_preview_body_in	retained	runtime/preview.rs	runtime/preview.rs	394	394	False
build_table_block	retained	runtime/preview.rs	runtime/preview.rs	28	28	False
cancel_composition	retained	unassigned	unassigned	54	71	False
cancel_divider_drag	retained	runtime/panes.rs	runtime/panes.rs	43	43	False
cancel_drag	retained	runtime/mouse.rs	runtime/mouse.rs	11	11	False
card_hint_deadline	retained	runtime/focus.rs	runtime/focus.rs	5	12	False
card_hint_layer	retained	runtime/focus.rs	runtime/focus.rs	18	18	False
card_mini_size	retained	runtime/focus.rs	runtime/focus.rs	5	5	False
carried_pane	retained	runtime/panes.rs	runtime/panes.rs	14	14	False
carried_pane_picture	retained	runtime/preview.rs	runtime/preview.rs	16	16	False
carry_live_journeys	added		unassigned		39	False
carry_the_pages_of_moved_panes	retained	runtime/panes.rs	runtime/panes.rs	41	41	False
carry_the_recordings_of_moved_panes	retained	runtime/panes.rs	runtime/panes.rs	29	29	False
check_picture_freshness	added		runtime/preview.rs		46	False
checkout_at	retained	runtime/git.rs	runtime/git.rs	43	43	False
checkout_from_column	retained	runtime/git.rs	runtime/git.rs	24	24	False
checkout_from_float	retained	runtime/git.rs	runtime/git.rs	31	31	False
checkout_in_graph	retained	runtime/git.rs	runtime/git.rs	26	26	False
choose_preview_row	retained	runtime/preview.rs	runtime/preview.rs	56	56	False
chrome_mouse_input	retained	runtime/mouse.rs	runtime/mouse.rs	1017	1018	False
chrome_over	retained	runtime/frame.rs	runtime/frame.rs	3	3	False
chrome_target_at	retained	runtime/frame.rs	runtime/frame.rs	6	6	False
claim_lawful_layout	retained	runtime/panes.rs	runtime/panes.rs	4	4	False
clamp_animation_deadline	added		runtime/preview.rs		4	False
clamped_preview_scroll	retained	runtime/preview.rs	runtime/preview.rs	10	10	False
clear_graph_compare	retained	runtime/git.rs	runtime/git.rs	7	7	False
clear_graph_search	retained	runtime/git.rs	runtime/git.rs	18	18	False
clear_math_hover_if_due	gone	runtime/math.rs		39		False
clear_pane_screen	retained	runtime/panes.rs	runtime/panes.rs	30	30	False
clear_pane_scrollback	retained	runtime/panes.rs	runtime/panes.rs	12	12	False
clear_pane_selection	retained	runtime/panes.rs	runtime/panes.rs	4	4	False
clear_preview_image	retained	runtime/preview.rs	runtime/preview.rs	3	3	False
clear_preview_image_in	retained	runtime/preview.rs	runtime/preview.rs	3	3	False
clear_preview_view	retained	runtime/preview.rs	runtime/preview.rs	4	4	False
clear_search_highlights	retained	runtime/search.rs	runtime/search.rs	5	5	False
clear_selection	retained	runtime/terminal.rs	runtime/terminal.rs	3	3	False
client_origin_on_screen	retained	runtime/terminal.rs	runtime/terminal.rs	4	4	False
clipboard_focus	retained	runtime/focus.rs	runtime/focus.rs	6	6	False
clipboard_line	retained	runtime/clipboard.rs	runtime/clipboard.rs	7	9	False
close_command_palette	retained	runtime/palette.rs	runtime/palette.rs	10	10	False
close_every_popup	retained	runtime/floats.rs	runtime/floats.rs	7	7	False
close_file_menu	retained	runtime/floats.rs	runtime/floats.rs	14	14	False
close_git_menu	retained	runtime/git.rs	runtime/git.rs	9	9	False
close_graph_filter_menu	retained	runtime/git.rs	runtime/git.rs	9	9	False
close_hover_floats_except	retained	runtime/mouse.rs	runtime/mouse.rs	39	39	False
close_pane	retained	runtime/panes.rs	runtime/panes.rs	92	104	False
close_pane_menu	retained	runtime/panes.rs	runtime/panes.rs	9	9	False
close_pane_notice	retained	runtime/panes.rs	runtime/panes.rs	28	28	False
close_popup	retained	runtime/floats.rs	runtime/floats.rs	47	47	False
close_popups_except	retained	runtime/floats.rs	runtime/floats.rs	14	14	False
close_preview_menu	retained	runtime/preview.rs	runtime/preview.rs	9	9	False
close_profile_menu	retained	runtime/profiles.rs	runtime/profiles.rs	22	22	False
close_rail_popups	retained	runtime/panes.rs	runtime/panes.rs	8	8	False
close_root_menu	retained	runtime/profiles.rs	runtime/profiles.rs	9	9	False
close_search	retained	runtime/search.rs	runtime/search.rs	20	20	False
close_tab	retained	runtime/tabs.rs	runtime/tabs.rs	107	108	False
close_tab_menu	retained	runtime/tabs.rs	runtime/tabs.rs	9	9	False
close_term_menu	retained	runtime/floats.rs	runtime/floats.rs	9	9	False
close_window	retained	runtime/windows.rs	runtime/windows.rs	15	15	False
collect_dropped_file	added		runtime/mouse.rs		24	False
collect_page_pictures	retained	runtime/preview.rs	runtime/preview.rs	11	11	False
collecting_card_speakers	retained	runtime/focus.rs	runtime/focus.rs	3	3	False
command_flash_deadline	retained	unassigned	unassigned	9	11	False
command_flash_is_running	added		unassigned		6	False
command_flash_layer	retained	unassigned	unassigned	55	55	False
command_marks_watermark	retained	runtime/terminal.rs	runtime/terminal.rs	5	5	False
command_rail_at	retained	runtime/panes.rs	runtime/panes.rs	14	14	False
command_rail_body	retained	runtime/panes.rs	runtime/panes.rs	14	14	False
command_rail_deadline	retained	runtime/panes.rs	runtime/panes.rs	4	3	False
command_rail_layers	retained	runtime/panes.rs	runtime/panes.rs	63	63	False
command_rail_search	retained	runtime/panes.rs	runtime/panes.rs	10	10	False
command_rail_stack	retained	runtime/panes.rs	runtime/panes.rs	34	34	False
command_rails_are_moving	retained	runtime/panes.rs	runtime/panes.rs	7	7	False
command_tick_anchor	retained	unassigned	unassigned	3	3	False
command_tick_card	retained	runtime/focus.rs	runtime/focus.rs	42	42	False
commit_git_prompt	retained	runtime/git.rs	runtime/git.rs	52	52	False
commit_layout_drop	retained	runtime/panes.rs	runtime/panes.rs	112	136	False
commit_pane_adopt	retained	runtime/panes.rs	runtime/panes.rs	11	11	False
commit_pane_extract	retained	runtime/panes.rs	runtime/panes.rs	8	8	False
commit_row_into_new_tab	retained	runtime/tabs.rs	runtime/tabs.rs	77	77	False
commit_row_into_tab	retained	runtime/tabs.rs	runtime/tabs.rs	17	17	False
commit_seat_geometry	retained	runtime/panes.rs	runtime/panes.rs	109	109	False
commit_strip_adopt	retained	runtime/tabs.rs	runtime/tabs.rs	9	9	False
commit_strip_extract	retained	runtime/tabs.rs	runtime/tabs.rs	9	9	False
commit_web_page	retained	runtime/web.rs	runtime/web.rs	49	49	False
compare_graph_with_working_tree	retained	runtime/git.rs	runtime/git.rs	22	22	False
complete_markdown_raster	retained	runtime/preview.rs	runtime/preview.rs	16	16	False
complete_peek_image	retained	runtime/preview.rs	runtime/preview.rs	119	119	False
complete_peek_page	retained	runtime/peek.rs	runtime/peek.rs	50	50	False
complete_peek_scale	retained	runtime/peek.rs	runtime/peek.rs	34	34	False
complete_peek_video_frame	retained	runtime/preview.rs	runtime/preview.rs	53	53	False
complete_preview_scale	retained	runtime/preview.rs	runtime/preview.rs	28	28	False
composition_origin_now	added		unassigned		20	False
copy_from_git	retained	runtime/git.rs	runtime/git.rs	30	32	False
copy_from_graph	retained	runtime/git.rs	runtime/git.rs	15	17	False
copy_math_latex	retained	runtime/math.rs	runtime/math.rs	21	27	False
copy_path_to_clipboard	retained	runtime/clipboard.rs	runtime/clipboard.rs	6	6	False
copy_preview_address	retained	runtime/preview.rs	runtime/preview.rs	15	15	False
copy_preview_selection	retained	runtime/preview.rs	runtime/preview.rs	19	19	False
copy_preview_text_selection	retained	runtime/math.rs	runtime/math.rs	12	12	False
copy_selection	retained	runtime/clipboard.rs	runtime/clipboard.rs	14	14	False
copy_selection_on_release	retained	runtime/clipboard.rs	runtime/clipboard.rs	6	6	False
copy_text_to_clipboard	retained	runtime/math.rs	runtime/math.rs	6	8	False
create	retained	runtime/launch.rs	runtime/launch.rs	869	881	False
create_files_row	retained	runtime/files.rs	runtime/files.rs	55	55	False
default_profile	retained	runtime/profiles.rs	runtime/profiles.rs	6	6	False
default_profile_id	added		runtime/profiles.rs		3	False
default_profile_is_automatic	retained	runtime/profiles.rs	runtime/profiles.rs	6	6	False
defer_preview_resample	retained	runtime/preview.rs	runtime/preview.rs	10	10	False
delete_files_row	retained	runtime/files.rs	runtime/files.rs	49	49	False
delete_profile	retained	runtime/profiles.rs	runtime/profiles.rs	31	36	False
delete_scheme_at	retained	runtime/settings.rs	runtime/settings.rs	15	15	False
delete_scheme_file	retained	runtime/settings.rs	runtime/settings.rs	71	71	False
deliver_paste	added		runtime/clipboard.rs		67	False
dirty_gate_layout	retained	runtime/panes.rs	runtime/panes.rs	56	56	False
disable_files_worker	retained	runtime/files.rs	runtime/files.rs	6	6	False
disable_git_worker	retained	runtime/git.rs	runtime/git.rs	6	6	False
disable_preview_worker	retained	runtime/preview.rs	runtime/preview.rs	6	6	False
dismiss_float	retained	runtime/floats.rs	runtime/floats.rs	21	21	False
dismiss_peek	retained	runtime/peek.rs	runtime/peek.rs	4	4	False
dismiss_top_float	retained	runtime/floats.rs	runtime/floats.rs	6	6	False
dismiss_web_sheet	retained	runtime/web.rs	runtime/web.rs	14	14	False
dismiss_web_sheet_on	retained	runtime/web.rs	runtime/web.rs	10	10	False
dock_float	retained	runtime/panes.rs	runtime/panes.rs	48	48	False
dock_overlay_layers	retained	runtime/panes.rs	runtime/panes.rs	36	39	False
dock_preview_float	retained	runtime/preview.rs	runtime/preview.rs	88	88	False
dock_the_page_of	retained	runtime/panes.rs	runtime/panes.rs	66	66	False
docked_chrome_target_at	retained	runtime/panes.rs	runtime/panes.rs	235	235	False
docked_popover_trigger	retained	runtime/panes.rs	runtime/panes.rs	9	9	False
documents_held	retained	runtime/preview.rs	runtime/preview.rs	3	3	False
documents_held_mut	retained	runtime/preview.rs	runtime/preview.rs	3	3	False
double_click_started_a_video	retained	runtime/preview.rs	runtime/preview.rs	53	53	False
drag_autoscroll_aim	retained	runtime/mouse.rs	runtime/mouse.rs	8	8	False
drag_autoscroll_deadline	retained	runtime/mouse.rs	runtime/mouse.rs	17	16	False
drag_file_peek_thumb	retained	runtime/peek.rs	runtime/peek.rs	26	26	False
drag_ghost_layer	retained	runtime/mouse.rs	runtime/mouse.rs	113	113	False
drag_hit_in_pane	retained	runtime/panes.rs	runtime/panes.rs	11	11	False
drag_label	retained	runtime/mouse.rs	runtime/mouse.rs	80	80	False
drag_preview_block_thumb	retained	runtime/preview.rs	runtime/preview.rs	47	47	False
drag_preview_body_thumb	retained	runtime/preview.rs	runtime/preview.rs	30	30	False
drag_preview_image	retained	runtime/preview.rs	runtime/preview.rs	27	27	False
drag_preview_selection	retained	runtime/preview.rs	runtime/preview.rs	29	29	False
drag_preview_text	retained	runtime/math.rs	runtime/math.rs	53	53	False
drag_settings_menu_bar	retained	runtime/settings.rs	runtime/settings.rs	16	16	False
drag_source_lives	retained	runtime/mouse.rs	runtime/mouse.rs	24	24	False
drag_spring_deadline	retained	runtime/mouse.rs	runtime/mouse.rs	3	3	False
drag_terminal_column_thumb	retained	runtime/focus.rs	runtime/focus.rs	17	17	False
drag_terminal_thumb	retained	runtime/focus.rs	runtime/focus.rs	15	15	False
drag_video_bar	retained	runtime/preview.rs	runtime/preview.rs	16	16	False
drain_pty	retained	runtime/terminal.rs	runtime/terminal.rs	218	357	False
drawn_advanced_reveal	retained	runtime/frame.rs	runtime/frame.rs	5	5	False
drawn_animations	retained	runtime/preview.rs	runtime/preview.rs	29	29	False
drawn_dock_reveal	retained	runtime/panes.rs	runtime/panes.rs	6	6	False
drawn_focus_reveal	retained	runtime/focus.rs	runtime/focus.rs	13	13	False
drawn_rail	retained	runtime/panes.rs	runtime/panes.rs	8	8	False
drawn_resizing_card	retained	runtime/focus.rs	runtime/focus.rs	7	7	False
dress_files_feet	retained	runtime/files.rs	runtime/files.rs	51	51	False
dress_files_tree_editor	retained	runtime/files.rs	runtime/files.rs	93	93	False
dress_new_window	retained	runtime/windows.rs	runtime/windows.rs	60	60	False
dress_preview_address_editor	retained	runtime/preview.rs	runtime/preview.rs	62	62	False
dress_preview_crumb_editor	retained	runtime/preview.rs	runtime/preview.rs	38	38	False
dress_preview_foot	retained	runtime/preview.rs	runtime/preview.rs	180	180	False
dress_preview_head	retained	runtime/preview.rs	runtime/preview.rs	171	171	False
dress_preview_name_editor	retained	runtime/preview.rs	runtime/preview.rs	90	95	False
dress_preview_rail	retained	runtime/preview.rs	runtime/preview.rs	160	160	False
drive_command_rail_hover	retained	runtime/panes.rs	runtime/panes.rs	68	68	False
drive_divider_drag	retained	runtime/panes.rs	runtime/panes.rs	81	81	False
drive_drag	retained	runtime/mouse.rs	runtime/mouse.rs	72	78	False
drive_float_drag	retained	runtime/mouse.rs	runtime/mouse.rs	47	47	False
drive_float_hover	retained	runtime/mouse.rs	runtime/mouse.rs	37	37	False
drive_notice_hover	retained	runtime/attention.rs	runtime/attention.rs	23	23	False
drive_palette_hover	retained	runtime/palette.rs	runtime/palette.rs	19	19	False
drive_pane_menu_hover	retained	runtime/panes.rs	runtime/panes.rs	103	103	False
drive_rail_zone	retained	runtime/panes.rs	runtime/panes.rs	36	36	False
drive_search_hover	retained	runtime/search.rs	runtime/search.rs	12	12	False
drive_tab_menu_hover	retained	runtime/tabs.rs	runtime/tabs.rs	80	80	False
drive_term_menu_hover	retained	runtime/mouse.rs	runtime/mouse.rs	65	65	False
drive_toast_hover	retained	runtime/attention.rs	runtime/attention.rs	22	22	False
drive_web_page	retained	runtime/web.rs	runtime/web.rs	33	33	False
drive_web_pointer	retained	runtime/web.rs	runtime/web.rs	37	37	False
dropped_files_seat	added		runtime/files.rs		9	False
duplicate_split_axis	retained	runtime/panes.rs	runtime/panes.rs	3	3	False
duplicate_tab	retained	runtime/tabs.rs	runtime/tabs.rs	15	15	False
dwell_file_peek	retained	runtime/peek.rs	runtime/peek.rs	51	51	False
edit_preview	retained	runtime/preview.rs	runtime/preview.rs	31	31	False
edit_scheme_at	retained	runtime/settings.rs	runtime/settings.rs	29	29	False
editor_subject	retained	unassigned	unassigned	82	82	False
emit_ime_observation	added		runtime/keyboard.rs		12	False
end_a_divider_drag_that_lost_its_pointer	added		runtime/panes.rs		9	False
expand_commit	retained	unassigned	unassigned	28	28	False
expand_float_commit	retained	runtime/floats.rs	runtime/floats.rs	32	32	False
expand_graph_commit	retained	runtime/git.rs	runtime/git.rs	45	45	False
expire_file_peek	retained	runtime/peek.rs	runtime/peek.rs	12	12	False
extend_graph	retained	runtime/git.rs	runtime/git.rs	25	25	False
extend_local_selection	retained	runtime/terminal.rs	runtime/terminal.rs	61	61	False
extract_pane_into_new_tab	retained	runtime/tabs.rs	runtime/tabs.rs	63	63	False
field_ime_caret	retained	runtime/keyboard.rs	runtime/keyboard.rs	36	36	False
file_menu_layer	retained	runtime/floats.rs	runtime/floats.rs	14	14	False
file_menu_layout	retained	runtime/panes.rs	runtime/panes.rs	18	18	False
file_menu_look	retained	runtime/floats.rs	runtime/floats.rs	13	13	False
file_peek_bar	retained	runtime/peek.rs	runtime/peek.rs	15	15	False
file_peek_card_layers	retained	runtime/peek.rs	runtime/peek.rs	373	373	False
file_peek_deadline	retained	runtime/peek.rs	runtime/peek.rs	12	14	False
file_peek_facts	retained	runtime/peek.rs	runtime/peek.rs	43	43	False
file_peek_fitted_pixels	retained	runtime/peek.rs	runtime/peek.rs	57	57	False
file_peek_frame	retained	runtime/peek.rs	runtime/peek.rs	13	13	False
file_peek_head_grasp	retained	runtime/peek.rs	runtime/peek.rs	9	9	False
file_peek_holds	retained	runtime/peek.rs	runtime/peek.rs	8	8	False
file_peek_is_fading	added		runtime/peek.rs		9	False
file_peek_layer	retained	runtime/peek.rs	runtime/peek.rs	73	73	False
file_peek_life	retained	runtime/peek.rs	runtime/peek.rs	10	10	False
file_peek_native_pixels	retained	runtime/peek.rs	runtime/peek.rs	14	14	False
file_peek_opacity	retained	runtime/peek.rs	runtime/peek.rs	7	7	False
file_peek_owes_frame	retained	runtime/peek.rs	runtime/peek.rs	3	3	False
file_peek_pages	retained	runtime/peek.rs	runtime/peek.rs	66	66	False
file_peek_picture	retained	runtime/preview.rs	runtime/preview.rs	13	13	False
file_peek_promotes	retained	runtime/peek.rs	runtime/peek.rs	7	7	False
file_peek_subject	retained	runtime/peek.rs	runtime/peek.rs	38	43	False
file_row_under	retained	runtime/files.rs	runtime/files.rs	72	72	False
files_column_key	retained	runtime/files.rs	runtime/files.rs	6	6	False
files_dir_answered	retained	runtime/files.rs	runtime/files.rs	17	17	False
files_edit_place	retained	runtime/files.rs	runtime/files.rs	21	21	False
files_float_layer	retained	runtime/files.rs	runtime/files.rs	194	194	False
files_ground_under	retained	runtime/files.rs	runtime/files.rs	25	25	False
files_keyboard_seat	retained	runtime/files.rs	runtime/files.rs	6	6	False
files_ring_seat	retained	runtime/files.rs	runtime/files.rs	7	7	False
files_root_for_new_pane	retained	runtime/files.rs	runtime/files.rs	11	11	False
files_seg_widths	retained	runtime/files.rs	runtime/files.rs	3	3	False
files_tree_contents	retained	runtime/files.rs	runtime/files.rs	10	10	False
files_tree_key	retained	runtime/files.rs	runtime/files.rs	102	102	False
files_trees	retained	runtime/files.rs	runtime/files.rs	94	94	False
files_views	retained	runtime/files.rs	runtime/files.rs	26	26	False
fill_row_leaf	retained	runtime/panes.rs	runtime/panes.rs	25	25	False
finish_drag	retained	runtime/mouse.rs	runtime/mouse.rs	46	46	False
finish_local_selection	retained	runtime/terminal.rs	runtime/terminal.rs	90	90	False
finish_present_attempt	added		runtime/frame.rs		47	False
finish_preview_scale_if_quiet	retained	runtime/preview.rs	runtime/preview.rs	22	22	False
finish_pty_coalesce_if_due	added		runtime/terminal.rs		11	False
finish_rename	retained	runtime/tabs.rs	runtime/tabs.rs	157	157	False
finish_resize_if_quiescent	retained	runtime/dpi.rs	runtime/dpi.rs	45	45	False
finish_synchronized_update_if_due	retained	unassigned	unassigned	54	54	False
first_run_layout	retained	runtime/first_run.rs	runtime/first_run.rs	51	51	False
first_run_page	retained	runtime/first_run.rs	runtime/first_run.rs	3	3	False
flash_pane	retained	runtime/panes.rs	runtime/panes.rs	11	11	False
flip_page_source_on	retained	unassigned	unassigned	13	13	False
flip_preview_source_on	retained	runtime/preview.rs	runtime/preview.rs	36	36	False
float_body_rect	retained	runtime/floats.rs	runtime/floats.rs	3	3	False
float_chassis	retained	runtime/floats.rs	runtime/floats.rs	11	11	False
float_deadline	retained	runtime/floats.rs	runtime/floats.rs	6	14	False
float_dock_label_width	retained	runtime/panes.rs	runtime/panes.rs	11	11	False
float_fade_of	retained	runtime/floats.rs	runtime/floats.rs	10	10	False
float_geometry_of	retained	runtime/panes.rs	runtime/panes.rs	17	17	False
float_head_tools	retained	runtime/floats.rs	runtime/floats.rs	36	36	False
float_hit_at	retained	runtime/floats.rs	runtime/floats.rs	138	138	False
float_holding_the_page	retained	runtime/floats.rs	runtime/floats.rs	6	6	False
float_hole_level	retained	runtime/floats.rs	runtime/floats.rs	3	3	False
float_inset_body_rect	retained	runtime/floats.rs	runtime/floats.rs	3	3	False
float_layer	retained	runtime/floats.rs	runtime/floats.rs	96	96	False
float_notice_layer	retained	runtime/attention.rs	runtime/attention.rs	14	14	False
float_page_keepsake_icon	retained	runtime/floats.rs	runtime/floats.rs	9	9	False
float_refusal_words	retained	runtime/floats.rs	runtime/floats.rs	18	18	False
float_shown_tabs	retained	runtime/tabs.rs	runtime/tabs.rs	16	16	False
float_shows_git_page	retained	runtime/git.rs	runtime/git.rs	8	8	False
float_trigger_at	retained	runtime/floats.rs	runtime/floats.rs	18	18	False
float_video_level	retained	runtime/preview.rs	runtime/preview.rs	3	3	False
float_viewport	retained	runtime/floats.rs	runtime/floats.rs	8	8	False
float_window	retained	runtime/windows.rs	runtime/windows.rs	13	13	False
flush_dropped_files	added		runtime/files.rs		54	False
flush_ime_cursor_area	retained	runtime/keyboard.rs	runtime/keyboard.rs	5	5	False
flush_pending_pty_resize	retained	runtime/dpi.rs	runtime/dpi.rs	125	131	False
flush_resize_trace	retained	runtime/dpi.rs	runtime/dpi.rs	21	23	False
flush_wheel	retained	runtime/mouse.rs	runtime/mouse.rs	8	10	False
focus_graph_search	retained	runtime/git.rs	runtime/git.rs	13	13	False
focus_pane_at	retained	runtime/focus.rs	runtime/focus.rs	52	52	False
focus_rail_geometry_at	retained	runtime/focus.rs	runtime/focus.rs	16	16	False
focus_rail_geometry_now	retained	runtime/focus.rs	runtime/focus.rs	4	4	False
focus_seat	retained	runtime/focus.rs	runtime/focus.rs	4	5	False
focus_the_pane_a_path_landed_in	added		runtime/focus.rs		42	False
focused_leaf_id	retained	runtime/focus.rs	runtime/focus.rs	6	6	False
focused_pane_wears_notice	retained	runtime/focus.rs	runtime/focus.rs	4	4	False
focused_preview_float	retained	runtime/preview.rs	runtime/preview.rs	7	7	False
focused_preview_seat	retained	runtime/preview.rs	runtime/preview.rs	4	4	False
focused_shell_address	retained	runtime/focus.rs	runtime/focus.rs	6	6	False
focused_web_seat	retained	runtime/focus.rs	runtime/focus.rs	6	6	False
fold_files_row	retained	runtime/files.rs	runtime/files.rs	69	69	False
fold_rails_on_mode_change	retained	runtime/panes.rs	runtime/panes.rs	13	13	False
folder_reference_trigger	retained	runtime/files.rs	runtime/files.rs	18	18	False
follow_first_run_focus	retained	runtime/first_run.rs	runtime/first_run.rs	12	12	False
follow_renamed_preview	retained	runtime/preview.rs	runtime/preview.rs	30	30	False
follow_the_display	added		unassigned		13	False
follow_the_window_band	retained	runtime/windows.rs	runtime/windows.rs	9	9	False
foot_reveal_is_fresh	retained	unassigned	unassigned	5	5	False
foot_saying	retained	unassigned	unassigned	10	10	False
foreign_strip_landing	retained	runtime/tabs.rs	runtime/tabs.rs	113	113	False
forget_a_blank_page	retained	runtime/tabs.rs	runtime/tabs.rs	5	5	False
forget_dead_float_gestures	retained	runtime/floats.rs	runtime/floats.rs	29	29	False
forget_the_ghost	retained	runtime/terminal.rs	runtime/terminal.rs	3	3	False
forget_the_picture_in	retained	runtime/preview.rs	runtime/preview.rs	18	18	False
formula_overlay_is_active	added		runtime/math.rs		3	False
formula_toggle_layers	added		runtime/math.rs		57	False
formula_tool_layers	retained	runtime/math.rs	runtime/math.rs	31	31	False
forwarded_mouse_hit	retained	runtime/mouse.rs	runtime/mouse.rs	9	9	False
forwarded_mouse_hit_in	retained	runtime/mouse.rs	runtime/mouse.rs	12	12	False
frame_hit	retained	runtime/frame.rs	runtime/frame.rs	3	3	False
gate_dirty_names	retained	unassigned	unassigned	81	81	False
gated_minted_target	retained	unassigned	unassigned	16	16	False
git_cache_at	retained	runtime/git.rs	runtime/git.rs	16	16	False
git_graphs	retained	runtime/git.rs	runtime/git.rs	58	58	False
git_host_at	retained	runtime/git.rs	runtime/git.rs	19	19	False
git_menu_draw	retained	runtime/git.rs	runtime/git.rs	28	28	False
git_menu_key	retained	runtime/git.rs	runtime/git.rs	119	119	False
git_menu_layer	retained	runtime/git.rs	runtime/git.rs	10	10	False
git_menu_layout	retained	runtime/git.rs	runtime/git.rs	14	14	False
git_menu_target_at	retained	runtime/git.rs	runtime/git.rs	127	127	False
git_origin_for_root	retained	runtime/git.rs	runtime/git.rs	27	27	False
git_page_key	retained	runtime/git.rs	runtime/git.rs	73	73	False
git_pages	retained	runtime/git.rs	runtime/git.rs	102	102	False
git_panel_on	retained	runtime/git.rs	runtime/git.rs	3	3	False
git_peek_row	retained	runtime/git.rs	runtime/git.rs	10	10	False
git_prompt_ime	retained	runtime/git.rs	runtime/git.rs	19	19	False
git_surfaces_on_screen	retained	runtime/git.rs	runtime/git.rs	58	58	False
git_toast_anchor	retained	runtime/git.rs	runtime/git.rs	23	23	False
glancing_row_at	retained	unassigned	unassigned	7	7	False
glass_here	added		unassigned		13	False
graph_filter_branches	retained	runtime/git.rs	runtime/git.rs	20	20	False
graph_filter_menu_layout	retained	runtime/git.rs	runtime/git.rs	16	16	False
graph_filter_menu_stand	added		runtime/git.rs		3	False
graph_key	retained	runtime/git.rs	runtime/git.rs	107	107	False
graph_row_rect	retained	runtime/git.rs	runtime/git.rs	6	6	False
graph_search_focused	retained	runtime/git.rs	runtime/git.rs	6	6	False
graph_search_ime	retained	runtime/git.rs	runtime/git.rs	18	18	False
graph_search_key	retained	runtime/git.rs	runtime/git.rs	101	101	False
graph_surface_for	retained	runtime/git.rs	runtime/git.rs	10	10	False
graph_tab_index	retained	runtime/git.rs	runtime/git.rs	11	11	False
graph_toolbar_rects	retained	runtime/git.rs	runtime/git.rs	12	12	False
hand_over_across_windows	retained	runtime/windows.rs	runtime/windows.rs	48	48	False
hand_url_to_the_browser	retained	runtime/web.rs	runtime/web.rs	15	15	False
head_run	retained	unassigned	unassigned	6	6	False
head_that_raised_a_layer	retained	unassigned	unassigned	65	65	False
heal_files_scroll	retained	runtime/files.rs	runtime/files.rs	19	19	False
heal_files_selections	retained	runtime/files.rs	runtime/files.rs	15	15	False
heal_git_hover	retained	runtime/git.rs	runtime/git.rs	20	20	False
heal_preview_scroll	retained	runtime/preview.rs	runtime/preview.rs	18	18	False
hide_file_peek	retained	runtime/peek.rs	runtime/peek.rs	59	59	False
hide_key_hint	retained	runtime/keyboard.rs	runtime/keyboard.rs	6	6	False
hide_layout_peek	retained	runtime/peek.rs	runtime/peek.rs	6	6	False
hide_preview_picture	retained	runtime/preview.rs	runtime/preview.rs	5	5	False
hide_quake_window	retained	runtime/quake.rs	runtime/quake.rs	4	6	False
hide_tooltip	retained	runtime/tooltips.rs	runtime/tooltips.rs	6	6	False
honour_command_line	retained	unassigned	unassigned	14	14	False
host_rows	retained	runtime/terminal.rs	runtime/terminal.rs	18	18	False
hover_float_free	retained	runtime/mouse.rs	runtime/mouse.rs	3	3	False
hover_float_is_up	retained	runtime/mouse.rs	runtime/mouse.rs	16	16	False
hover_float_up	retained	runtime/mouse.rs	runtime/mouse.rs	3	3	False
hovered_image_reference	retained	runtime/preview.rs	runtime/preview.rs	8	8	False
hovered_leaf	retained	runtime/panes.rs	runtime/panes.rs	9	9	False
hovered_math_tool	retained	runtime/math.rs	runtime/math.rs	7	7	False
hovered_pane_path_namespace	retained	runtime/panes.rs	runtime/panes.rs	6	6	False
hovered_pane_path_verdict	added		runtime/panes.rs		3	False
hovered_tab	retained	runtime/tabs.rs	runtime/tabs.rs	15	15	False
hyperlink_hit	retained	runtime/terminal.rs	runtime/terminal.rs	6	6	False
image_grasp	retained	runtime/preview.rs	runtime/preview.rs	10	10	False
ime_input	retained	runtime/keyboard.rs	runtime/keyboard.rs	173	219	False
ime_native_facts	added		runtime/keyboard.rs		6	False
insert_into_preview	retained	runtime/preview.rs	runtime/preview.rs	3	3	False
insert_path_into_terminal	retained	runtime/terminal.rs	runtime/terminal.rs	51	67	False
install_search_highlights	retained	runtime/search.rs	runtime/search.rs	6	6	False
is_quake_window	retained	runtime/quake.rs	runtime/quake.rs	3	3	False
issue_git_write	retained	runtime/git.rs	runtime/git.rs	43	43	False
jump_to_attention	retained	runtime/attention.rs	runtime/attention.rs	46	46	False
jump_to_command_mark	retained	runtime/terminal.rs	runtime/terminal.rs	42	67	False
keep_file_peek	retained	runtime/peek.rs	runtime/peek.rs	6	6	False
keep_what_the_modal_covers	retained	unassigned	unassigned	27	27	False
key_hint_deadline	retained	runtime/keyboard.rs	runtime/keyboard.rs	8	15	False
key_hint_layer	retained	runtime/keyboard.rs	runtime/keyboard.rs	32	32	False
key_hint_on_screen	retained	runtime/keyboard.rs	runtime/keyboard.rs	5	5	False
key_hint_owes_frame	retained	runtime/keyboard.rs	runtime/keyboard.rs	3	3	False
key_hints_offered	retained	runtime/keyboard.rs	runtime/keyboard.rs	14	14	False
keyboard_input	retained	runtime/keyboard.rs	runtime/keyboard.rs	864	902	False
keyboard_owner	retained	runtime/keyboard.rs	runtime/keyboard.rs	39	41	False
keyboard_owner_is_a_shell	retained	runtime/keyboard.rs	runtime/keyboard.rs	3	3	False
land_page_refusal_on	retained	unassigned	unassigned	15	15	False
land_page_source_on	retained	unassigned	unassigned	21	21	False
land_preview_source_on	retained	runtime/preview.rs	runtime/preview.rs	52	52	False
launch_profile	retained	runtime/profiles.rs	runtime/profiles.rs	19	19	False
layout_host_rect	retained	runtime/panes.rs	runtime/panes.rs	22	22	False
layout_peek_eligible	retained	runtime/peek.rs	runtime/peek.rs	33	33	False
layout_peek_layer	retained	runtime/peek.rs	runtime/peek.rs	184	198	False
layout_peek_suppresses	retained	runtime/peek.rs	runtime/peek.rs	3	3	False
layout_peek_target_at	retained	runtime/peek.rs	runtime/peek.rs	9	9	False
leave_detached_head	retained	unassigned	unassigned	20	20	False
leave_hovered_math	added		runtime/math.rs		40	False
leave_preview_buffer	retained	runtime/preview.rs	runtime/preview.rs	4	4	False
leave_preview_buffer_in	retained	runtime/preview.rs	runtime/preview.rs	95	95	False
leave_preview_page	retained	runtime/preview.rs	runtime/preview.rs	7	7	False
leave_strip	retained	runtime/tabs.rs	runtime/tabs.rs	39	39	False
let_go_of_this_window	retained	runtime/windows.rs	runtime/windows.rs	53	54	False
line_height_subpixels	retained	unassigned	unassigned	3	3	False
live_markdown_ime_cursor_area	retained	runtime/preview.rs	runtime/preview.rs	68	68	False
live_paste_target	added		runtime/clipboard.rs		6	False
live_stability_deadline	retained	runtime/tabs.rs	runtime/tabs.rs	6	6	False
load_more_commits	retained	unassigned	unassigned	18	18	False
load_more_float_commits	retained	runtime/floats.rs	runtime/floats.rs	23	23	False
local_image_path_hit	retained	runtime/preview.rs	runtime/preview.rs	12	12	False
locate_folder_in_files_column	retained	runtime/files.rs	runtime/files.rs	25	25	False
locate_path_in_files_columns	retained	runtime/files.rs	runtime/files.rs	13	13	False
mark_attention_seen	retained	runtime/attention.rs	runtime/attention.rs	31	31	False
mark_session_dirty	retained	runtime/windows.rs	runtime/windows.rs	5	5	False
markdown_caret_block	retained	runtime/preview.rs	runtime/preview.rs	42	42	False
markdown_caret_box	retained	runtime/preview.rs	runtime/preview.rs	21	21	False
markdown_gap_paragraphs	retained	runtime/git.rs	runtime/git.rs	35	35	False
markdown_picture_files	retained	runtime/preview.rs	runtime/preview.rs	3	3	False
markdown_pictures_awaited	retained	runtime/preview.rs	runtime/preview.rs	3	3	False
markdown_source_box	retained	runtime/preview.rs	runtime/preview.rs	8	8	False
math_band_trace_for_present	added		runtime/math.rs		35	False
math_band_trace_line	added		runtime/math.rs		49	False
math_copy_is_fresh	retained	runtime/math.rs	runtime/math.rs	5	6	False
math_hit	retained	runtime/math.rs	runtime/math.rs	6	9	False
math_toggle_deadline	added		runtime/math.rs		12	False
math_toggle_faces	added		runtime/math.rs		9	False
math_toggle_heights	added		runtime/math.rs		9	False
math_tool_placement	retained	runtime/math.rs	runtime/math.rs	14	18	False
math_tools_deadline	retained	runtime/math.rs	runtime/math.rs	4	3	False
math_tools_owe_frames	retained	runtime/math.rs	runtime/math.rs	6	6	False
mature_file_peek	retained	runtime/peek.rs	runtime/peek.rs	91	91	False
measure_files_names	retained	runtime/files.rs	runtime/files.rs	24	24	False
measure_open_rename	retained	runtime/tabs.rs	runtime/tabs.rs	117	117	False
measure_video_meta	retained	runtime/preview.rs	runtime/preview.rs	22	22	False
mint_a_blank_page_and_open_its_address	retained	runtime/tabs.rs	runtime/tabs.rs	24	24	False
mouse_input	retained	runtime/mouse.rs	runtime/mouse.rs	1099	1102	False
mouse_route_name	retained	runtime/mouse.rs	runtime/mouse.rs	8	8	False
mouse_trace	retained	runtime/mouse.rs	runtime/mouse.rs	7	7	False
mouse_wheel	retained	runtime/mouse.rs	runtime/mouse.rs	535	537	False
move_pane_across_tabs	retained	runtime/tabs.rs	runtime/tabs.rs	106	106	False
move_pane_to_new_tab	retained	runtime/tabs.rs	runtime/tabs.rs	13	13	False
move_pane_to_new_window	retained	runtime/panes.rs	runtime/panes.rs	21	21	False
move_pane_to_window	retained	runtime/panes.rs	runtime/panes.rs	24	24	False
move_preview_caret	retained	runtime/preview.rs	runtime/preview.rs	79	79	False
move_tab_to_new_window	retained	runtime/tabs.rs	runtime/tabs.rs	19	19	False
move_tab_to_window	retained	runtime/tabs.rs	runtime/tabs.rs	20	20	False
move_tab_with_flip	retained	runtime/tabs.rs	runtime/tabs.rs	37	37	False
navigate_preview_page	retained	runtime/preview.rs	runtime/preview.rs	7	7	False
new_tab	retained	runtime/tabs.rs	runtime/tabs.rs	3	4	False
new_tab_seeded_from	retained	runtime/tabs.rs	runtime/tabs.rs	62	66	False
new_tab_with_profile	retained	runtime/profiles.rs	runtime/profiles.rs	16	17	False
new_terminal_in_folder	retained	runtime/files.rs	runtime/files.rs	3	4	False
next_animation_deadline	added		runtime/preview.rs		5	False
next_animation_frame	added		runtime/preview.rs		5	False
note_application_change	retained	runtime/diagnostics.rs	runtime/diagnostics.rs	4	4	False
note_card_hint	retained	runtime/focus.rs	runtime/focus.rs	18	18	False
note_folder_opened	retained	runtime/files.rs	runtime/files.rs	6	6	False
note_key_hint	retained	runtime/keyboard.rs	runtime/keyboard.rs	12	12	False
note_layout_peek	retained	runtime/peek.rs	runtime/peek.rs	6	6	False
note_preview_block_hover	retained	runtime/preview.rs	runtime/preview.rs	10	10	False
note_preview_body_hover	retained	runtime/preview.rs	runtime/preview.rs	10	10	False
note_preview_hex_hover	retained	runtime/preview.rs	runtime/preview.rs	6	6	False
note_preview_link_hover	retained	runtime/preview.rs	runtime/preview.rs	11	11	False
note_terminal_column_hover	retained	runtime/mouse.rs	runtime/mouse.rs	16	16	False
note_terminal_thumb_hover	retained	runtime/focus.rs	runtime/focus.rs	23	23	False
note_this_window_was_visited	retained	runtime/windows.rs	runtime/windows.rs	5	5	False
note_tooltip	retained	runtime/tooltips.rs	runtime/tooltips.rs	9	9	False
note_user_typing	retained	unassigned	unassigned	6	6	False
note_video_hover	retained	runtime/preview.rs	runtime/preview.rs	35	35	False
notice_layers	retained	runtime/attention.rs	runtime/attention.rs	115	115	False
notice_on	retained	runtime/attention.rs	runtime/attention.rs	12	12	False
notice_surface	retained	runtime/attention.rs	runtime/attention.rs	6	6	False
notification_switches	retained	runtime/attention.rs	runtime/attention.rs	7	7	False
observe_chevrons	retained	runtime/floats.rs	runtime/floats.rs	132	132	False
observe_file_peek	retained	runtime/peek.rs	runtime/peek.rs	72	72	False
observe_hovered_pane	retained	runtime/panes.rs	runtime/panes.rs	12	12	False
observe_ime_focus	added		runtime/focus.rs		8	False
observe_ime_key	added		runtime/keyboard.rs		32	False
offer_ime_caret	retained	runtime/keyboard.rs	runtime/keyboard.rs	27	36	False
open_address_here	retained	unassigned	unassigned	13	13	False
open_broker	retained	unassigned	unassigned	24	24	False
open_command_palette	retained	runtime/palette.rs	runtime/palette.rs	15	15	False
open_crumb_draft	retained	unassigned	unassigned	6	6	False
open_development_web_page	retained	runtime/web.rs	runtime/web.rs	6	6	False
open_file_menu	retained	runtime/floats.rs	runtime/floats.rs	34	34	False
open_files_path_to	retained	runtime/files.rs	runtime/files.rs	36	36	False
open_files_row_new	retained	runtime/files.rs	runtime/files.rs	34	34	False
open_files_row_rename	retained	runtime/files.rs	runtime/files.rs	24	24	False
open_float	retained	runtime/floats.rs	runtime/floats.rs	24	24	False
open_float_git_document	retained	runtime/git.rs	runtime/git.rs	31	31	False
open_float_git_graph	retained	runtime/git.rs	runtime/git.rs	26	26	False
open_font_settings	retained	runtime/settings.rs	runtime/settings.rs	14	14	False
open_from_notification	retained	runtime/attention.rs	runtime/attention.rs	56	58	False
open_git_document	retained	runtime/git.rs	runtime/git.rs	32	32	False
open_git_document_for_graph	retained	runtime/git.rs	runtime/git.rs	35	35	False
open_git_graph	retained	runtime/git.rs	runtime/git.rs	27	27	False
open_git_menu_at	retained	runtime/git.rs	runtime/git.rs	23	23	False
open_git_prompt	retained	runtime/git.rs	runtime/git.rs	34	34	False
open_local_path	retained	unassigned	unassigned	16	16	False
open_local_path_verified	added		unassigned		20	False
open_minted_page	retained	unassigned	unassigned	6	6	False
open_minted_page_on	retained	unassigned	unassigned	6	6	False
open_minted_page_on_float	retained	runtime/floats.rs	runtime/floats.rs	25	25	False
open_page_menu_at	retained	runtime/floats.rs	runtime/floats.rs	24	24	False
open_pane_menu	retained	runtime/panes.rs	runtime/panes.rs	20	20	False
open_path_in_default_app	retained	unassigned	unassigned	9	9	False
open_preview	retained	runtime/preview.rs	runtime/preview.rs	3	3	False
open_preview_at	retained	runtime/preview.rs	runtime/preview.rs	30	30	False
open_preview_crumb_menu	retained	runtime/preview.rs	runtime/preview.rs	44	44	False
open_preview_crumb_rename	retained	runtime/preview.rs	runtime/preview.rs	20	20	False
open_preview_externally	retained	runtime/preview.rs	runtime/preview.rs	6	6	False
open_preview_externally_on	retained	runtime/preview.rs	runtime/preview.rs	6	6	False
open_preview_file	retained	runtime/preview.rs	runtime/preview.rs	23	23	False
open_preview_file_on	retained	runtime/preview.rs	runtime/preview.rs	4	4	False
open_preview_image	retained	runtime/preview.rs	runtime/preview.rs	14	14	False
open_preview_image_on	retained	runtime/preview.rs	runtime/preview.rs	46	46	False
open_preview_in_browser	retained	runtime/preview.rs	runtime/preview.rs	10	10	False
open_preview_link	retained	runtime/preview.rs	runtime/preview.rs	52	52	False
open_preview_onto	retained	runtime/preview.rs	runtime/preview.rs	19	19	False
open_preview_rail_menu	retained	runtime/preview.rs	runtime/preview.rs	28	28	False
open_preview_rename	retained	runtime/preview.rs	runtime/preview.rs	16	16	False
open_preview_source_on	retained	runtime/preview.rs	runtime/preview.rs	29	29	False
open_preview_web_file	retained	runtime/preview.rs	runtime/preview.rs	16	16	False
open_preview_web_file_on	retained	runtime/preview.rs	runtime/preview.rs	46	46	False
open_profile_editor	retained	runtime/profiles.rs	runtime/profiles.rs	27	27	False
open_rename	retained	runtime/tabs.rs	runtime/tabs.rs	33	33	False
open_scheme_for_editing	retained	runtime/settings.rs	runtime/settings.rs	25	25	False
open_search	retained	runtime/search.rs	runtime/search.rs	39	39	False
open_settings_on_row	retained	runtime/settings.rs	runtime/settings.rs	18	18	False
open_tab_menu_at	retained	runtime/tabs.rs	runtime/tabs.rs	19	19	False
open_term_menu_at	retained	runtime/floats.rs	runtime/floats.rs	23	23	False
open_web_address	retained	runtime/web.rs	runtime/web.rs	15	15	False
open_web_address_here	retained	runtime/web.rs	runtime/web.rs	9	9	False
open_web_address_on	retained	runtime/web.rs	runtime/web.rs	56	56	False
open_web_dev_tools	retained	runtime/web.rs	runtime/web.rs	6	6	False
open_web_dev_tools_at	retained	runtime/web.rs	runtime/web.rs	8	8	False
open_web_page	retained	runtime/web.rs	runtime/web.rs	3	3	False
open_web_page_on	retained	runtime/web.rs	runtime/web.rs	98	98	False
open_web_page_with	retained	runtime/web.rs	runtime/web.rs	15	15	False
open_window	retained	runtime/windows.rs	runtime/windows.rs	459	476	False
os_theme_changed	retained	runtime/diagnostics.rs	runtime/diagnostics.rs	10	10	False
other_window_ids	retained	runtime/windows.rs	runtime/windows.rs	9	9	False
other_window_rows	retained	runtime/windows.rs	runtime/windows.rs	9	9	False
owns	retained	unassigned	unassigned	7	7	False
page_carried_by	retained	unassigned	unassigned	10	10	False
page_holds_the_keyboard	retained	runtime/keyboard.rs	runtime/keyboard.rs	3	3	False
page_is_the_typing_target	retained	unassigned	unassigned	14	14	False
page_keepsake_icons	retained	unassigned	unassigned	11	11	False
page_on_the_landing_pane	retained	runtime/panes.rs	runtime/panes.rs	5	5	False
page_shrinker	retained	unassigned	unassigned	11	11	False
page_source_shown_on	retained	unassigned	unassigned	8	8	False
page_with_the_keyboard	retained	runtime/keyboard.rs	runtime/keyboard.rs	30	30	False
pages_are_gone	retained	unassigned	unassigned	3	3	False
palette_candidates	retained	runtime/palette.rs	runtime/palette.rs	9	9	False
palette_field_look	retained	runtime/palette.rs	runtime/palette.rs	17	17	False
palette_files_note	retained	runtime/files.rs	runtime/files.rs	14	14	False
palette_files_roots	retained	runtime/files.rs	runtime/files.rs	7	7	False
palette_ime	retained	runtime/palette.rs	runtime/palette.rs	11	11	False
palette_key	retained	runtime/palette.rs	runtime/palette.rs	161	161	False
palette_layer	retained	runtime/palette.rs	runtime/palette.rs	17	17	False
palette_layout	retained	runtime/panes.rs	runtime/panes.rs	22	22	False
pane_adopt_fits	retained	runtime/panes.rs	runtime/panes.rs	9	9	False
pane_chevron_box	retained	runtime/panes.rs	runtime/panes.rs	10	10	False
pane_draws	retained	runtime/panes.rs	runtime/panes.rs	68	68	False
pane_fade_veils	retained	runtime/panes.rs	runtime/panes.rs	9	9	False
pane_frame	retained	runtime/panes.rs	runtime/panes.rs	3	3	False
pane_frame_hit	retained	runtime/panes.rs	runtime/panes.rs	9	9	False
pane_hit_context	retained	runtime/math.rs	runtime/math.rs	39	39	False
pane_menu_deadline	retained	runtime/panes.rs	runtime/panes.rs	3	3	False
pane_menu_layer	retained	runtime/panes.rs	runtime/panes.rs	29	35	False
pane_menu_layout	retained	runtime/panes.rs	runtime/panes.rs	24	24	False
pane_menu_row_under_pointer	retained	runtime/panes.rs	runtime/panes.rs	8	8	False
pane_rects	retained	runtime/panes.rs	runtime/panes.rs	18	18	False
pane_split_axis	retained	runtime/panes.rs	runtime/panes.rs	5	5	False
pane_transforms	retained	runtime/panes.rs	runtime/panes.rs	14	14	False
panel_covers	retained	runtime/panes.rs	runtime/panes.rs	8	8	False
panes_spoke	retained	runtime/panes.rs	runtime/panes.rs	10	10	False
paste_from_clipboard	retained	runtime/clipboard.rs	runtime/clipboard.rs	3	3	False
paste_from_clipboard_into	retained	runtime/clipboard.rs	runtime/clipboard.rs	48	35	False
paste_into_preview	retained	runtime/preview.rs	runtime/preview.rs	19	21	False
paste_offer_at	added		runtime/clipboard.rs		13	False
paste_offer_kept	added		runtime/clipboard.rs		15	False
paste_paths_into	added		runtime/clipboard.rs		15	False
paste_target	added		runtime/clipboard.rs		9	False
peek_anchor	retained	runtime/peek.rs	runtime/peek.rs	17	17	False
peek_row	retained	runtime/peek.rs	runtime/peek.rs	43	43	False
peek_row_rect	retained	runtime/peek.rs	runtime/peek.rs	21	21	False
peek_seat_viewport	retained	runtime/peek.rs	runtime/peek.rs	8	8	False
peek_target	retained	runtime/peek.rs	runtime/peek.rs	46	46	False
peeking_tab	retained	runtime/peek.rs	runtime/peek.rs	6	6	False
photograph_for_quit	retained	runtime/git.rs	runtime/git.rs	5	5	False
photograph_pages	retained	runtime/git.rs	runtime/git.rs	12	12	False
picture_is_owed	added		runtime/preview.rs		6	False
picture_on_glass	retained	runtime/preview.rs	runtime/preview.rs	15	15	False
picture_takes_zoom	retained	runtime/preview.rs	runtime/preview.rs	6	6	False
place_float	retained	runtime/floats.rs	runtime/floats.rs	70	70	False
place_preview_caret_on	retained	runtime/preview.rs	runtime/preview.rs	11	11	False
plan_for	retained	unassigned	unassigned	80	97	False
plan_inputs	retained	unassigned	unassigned	3	3	False
plan_inputs_for	retained	unassigned	unassigned	48	48	False
platform_chrome	retained	runtime/frame.rs	runtime/frame.rs	3	3	False
platform_pointer_now	added		runtime/mouse.rs		7	False
play_button_rasters	retained	unassigned	unassigned	18	18	False
play_video_file_on	retained	runtime/preview.rs	runtime/preview.rs	35	35	False
play_video_on	retained	runtime/preview.rs	runtime/preview.rs	9	9	False
point_is_on_the_web_page	retained	runtime/web.rs	runtime/web.rs	3	3	False
pointer_is_in_the_peeks_own_glance	retained	runtime/peek.rs	runtime/peek.rs	10	10	False
pointer_is_on_our_own_glass	retained	runtime/mouse.rs	runtime/mouse.rs	10	3	False
pointer_is_on_the_peeks_reference	retained	runtime/peek.rs	runtime/peek.rs	9	9	False
pointer_left	retained	runtime/mouse.rs	runtime/mouse.rs	89	95	False
pointer_moved	retained	runtime/mouse.rs	runtime/mouse.rs	682	672	False
pointer_over_a_float	retained	runtime/mouse.rs	runtime/mouse.rs	9	9	False
pointer_reference_at	added		runtime/mouse.rs		5	False
pointer_target_at	retained	runtime/mouse.rs	runtime/mouse.rs	9	9	False
pop_out_preview	retained	runtime/preview.rs	runtime/preview.rs	132	137	False
popover_trigger_at	retained	runtime/floats.rs	runtime/floats.rs	15	15	False
popup_trigger	retained	runtime/floats.rs	runtime/floats.rs	50	50	False
popups_up	retained	runtime/floats.rs	runtime/floats.rs	28	30	False
present_animations	retained	runtime/preview.rs	runtime/preview.rs	13	13	False
present_chrome_change	retained	runtime/frame.rs	runtime/frame.rs	19	21	False
present_conditions	added		runtime/frame.rs		11	False
present_math_toggle	added		runtime/math.rs		34	False
present_peek_overlay	retained	runtime/peek.rs	runtime/peek.rs	25	27	False
present_retained_picture	retained	runtime/preview.rs	runtime/preview.rs	138	158	False
present_seats_and_commit	retained	runtime/panes.rs	runtime/panes.rs	69	139	False
present_signature	added		runtime/frame.rs		48	False
press_command_rail	retained	runtime/panes.rs	runtime/panes.rs	19	52	False
press_file_peek	retained	runtime/peek.rs	runtime/peek.rs	96	96	False
press_file_peek_door	retained	runtime/peek.rs	runtime/peek.rs	27	27	False
press_files_row	retained	runtime/files.rs	runtime/files.rs	71	71	False
press_first_run_key	retained	runtime/first_run.rs	runtime/first_run.rs	75	75	False
press_float	retained	runtime/mouse.rs	runtime/mouse.rs	200	200	False
press_float_git_act	retained	runtime/git.rs	runtime/git.rs	79	79	False
press_float_git_row	retained	runtime/git.rs	runtime/git.rs	86	86	False
press_float_row	retained	runtime/mouse.rs	runtime/mouse.rs	69	69	False
press_float_trigger	retained	runtime/mouse.rs	runtime/mouse.rs	13	13	False
press_git_act	retained	runtime/git.rs	runtime/git.rs	70	70	False
press_git_row	retained	runtime/git.rs	runtime/git.rs	99	99	False
press_graph_detail	retained	runtime/git.rs	runtime/git.rs	43	43	False
press_graph_row	retained	runtime/git.rs	runtime/git.rs	81	81	False
press_graph_tool	retained	runtime/git.rs	runtime/git.rs	14	14	False
press_math_toggle	added		runtime/math.rs		96	False
press_notice	retained	runtime/attention.rs	runtime/attention.rs	69	69	False
press_on_its_own_trigger	retained	runtime/mouse.rs	runtime/mouse.rs	26	26	False
press_preview_block_thumb	retained	runtime/preview.rs	runtime/preview.rs	13	13	False
press_preview_body	retained	runtime/preview.rs	runtime/preview.rs	62	62	False
press_preview_body_thumb	retained	runtime/preview.rs	runtime/preview.rs	19	19	False
press_preview_crumb	retained	runtime/preview.rs	runtime/preview.rs	18	18	False
press_preview_image	retained	runtime/preview.rs	runtime/preview.rs	23	23	False
press_preview_rail	retained	runtime/preview.rs	runtime/preview.rs	85	85	False
press_preview_text	retained	runtime/math.rs	runtime/math.rs	118	118	False
press_search	retained	runtime/search.rs	runtime/search.rs	28	28	False
press_tab	retained	runtime/tabs.rs	runtime/tabs.rs	18	18	False
press_terminal_column_thumb	retained	runtime/focus.rs	runtime/focus.rs	16	16	False
press_terminal_thumb	retained	runtime/focus.rs	runtime/focus.rs	23	23	False
press_toast	retained	runtime/attention.rs	runtime/attention.rs	35	35	False
press_video_at	retained	runtime/preview.rs	runtime/preview.rs	70	70	False
press_web_page	retained	runtime/web.rs	runtime/web.rs	78	78	False
press_web_sheet	retained	runtime/web.rs	runtime/web.rs	24	24	False
pressed_cell_target	retained	runtime/mouse.rs	runtime/mouse.rs	7	7	False
preview_awaits_the_whole_file	retained	runtime/preview.rs	runtime/preview.rs	8	8	False
preview_block_bar_under	retained	runtime/preview.rs	runtime/preview.rs	21	21	False
preview_block_lit	retained	runtime/preview.rs	runtime/preview.rs	9	9	False
preview_block_surface_at	retained	runtime/preview.rs	runtime/preview.rs	17	17	False
preview_body_bar_layers	retained	runtime/preview.rs	runtime/preview.rs	20	20	False
preview_body_bar_under	retained	runtime/preview.rs	runtime/preview.rs	25	25	False
preview_browse_key	retained	runtime/preview.rs	runtime/preview.rs	168	168	False
preview_browser_box	retained	runtime/preview.rs	runtime/preview.rs	9	9	False
preview_buffer_on	retained	runtime/preview.rs	runtime/preview.rs	25	25	False
preview_buffer_on_mut	retained	runtime/preview.rs	runtime/preview.rs	19	19	False
preview_caret_position	retained	runtime/preview.rs	runtime/preview.rs	12	12	False
preview_caret_selection_places	retained	runtime/preview.rs	runtime/preview.rs	22	22	False
preview_caret_takes_the_press	retained	runtime/preview.rs	runtime/preview.rs	6	6	False
preview_chrome_on	retained	runtime/preview.rs	runtime/preview.rs	13	13	False
preview_content_extent	retained	runtime/preview.rs	runtime/preview.rs	25	25	False
preview_crumb_is_the_tail	retained	runtime/preview.rs	runtime/preview.rs	4	4	False
preview_disk_notice_on	retained	runtime/preview.rs	runtime/preview.rs	8	8	False
preview_doc_text_geometry	retained	runtime/math.rs	runtime/math.rs	19	19	False
preview_document_box	retained	runtime/preview.rs	runtime/preview.rs	7	7	False
preview_edit_body	retained	runtime/preview.rs	runtime/preview.rs	7	7	False
preview_edit_focus	retained	runtime/preview.rs	runtime/preview.rs	5	5	False
preview_edit_paint	retained	runtime/preview.rs	runtime/preview.rs	56	56	False
preview_file_on	retained	runtime/preview.rs	runtime/preview.rs	9	9	False
preview_float_bar_layers	retained	runtime/preview.rs	runtime/preview.rs	8	8	False
preview_float_ids	retained	runtime/preview.rs	runtime/preview.rs	8	8	False
preview_float_layer	retained	runtime/preview.rs	runtime/preview.rs	368	368	False
preview_head_tool_tip	retained	runtime/preview.rs	runtime/preview.rs	31	31	False
preview_head_tools	retained	runtime/preview.rs	runtime/preview.rs	39	39	False
preview_hex_anchor	retained	runtime/preview.rs	runtime/preview.rs	7	7	False
preview_hex_at	retained	runtime/preview.rs	runtime/preview.rs	58	58	False
preview_image_geometry	retained	runtime/preview.rs	runtime/preview.rs	6	6	False
preview_image_zoom	retained	runtime/preview.rs	runtime/preview.rs	7	7	False
preview_ime	retained	runtime/preview.rs	runtime/preview.rs	21	21	False
preview_ime_cursor_area	retained	runtime/preview.rs	runtime/preview.rs	35	35	False
preview_is_editable	retained	runtime/preview.rs	runtime/preview.rs	5	5	False
preview_key	retained	runtime/preview.rs	runtime/preview.rs	77	77	False
preview_keyboard_surface	retained	runtime/preview.rs	runtime/preview.rs	8	8	False
preview_landing_surface	retained	runtime/preview.rs	runtime/preview.rs	31	31	False
preview_link_at	retained	runtime/preview.rs	runtime/preview.rs	11	11	False
preview_link_grasp	retained	runtime/preview.rs	runtime/preview.rs	17	17	False
preview_live_caret	retained	runtime/preview.rs	runtime/preview.rs	16	16	False
preview_markdown_caret	retained	runtime/preview.rs	runtime/preview.rs	50	50	False
preview_max_scroll	retained	runtime/preview.rs	runtime/preview.rs	26	26	False
preview_md_file_offset_at	retained	runtime/preview.rs	runtime/preview.rs	46	46	False
preview_md_source	retained	runtime/preview.rs	runtime/preview.rs	4	4	False
preview_menu_items	retained	runtime/preview.rs	runtime/preview.rs	11	11	False
preview_menu_layout	retained	runtime/preview.rs	runtime/preview.rs	22	15	False
preview_menu_seat	retained	runtime/preview.rs	runtime/preview.rs	4	4	False
preview_menu_stand	added		runtime/preview.rs		19	False
preview_meta_sentence	retained	runtime/preview.rs	runtime/preview.rs	35	35	False
preview_notice_deadline	retained	runtime/preview.rs	runtime/preview.rs	8	8	False
preview_offset_at	retained	runtime/preview.rs	runtime/preview.rs	35	35	False
preview_open_button_label	retained	runtime/preview.rs	runtime/preview.rs	8	8	False
preview_page_rows	retained	runtime/preview.rs	runtime/preview.rs	8	8	False
preview_page_source_file	retained	runtime/preview.rs	runtime/preview.rs	3	3	False
preview_pane	retained	runtime/preview.rs	runtime/preview.rs	8	8	False
preview_pane_mut	retained	runtime/preview.rs	runtime/preview.rs	7	7	False
preview_picture	retained	runtime/preview.rs	runtime/preview.rs	3	3	False
preview_picture_hosts	retained	runtime/preview.rs	runtime/preview.rs	20	20	False
preview_picture_mut	retained	runtime/preview.rs	runtime/preview.rs	3	3	False
preview_pill_say	retained	runtime/preview.rs	runtime/preview.rs	38	38	False
preview_place_at	retained	runtime/preview.rs	runtime/preview.rs	26	26	False
preview_preedit	retained	runtime/preview.rs	runtime/preview.rs	6	6	False
preview_prose_geometry	retained	runtime/preview.rs	runtime/preview.rs	66	66	False
preview_rail_kind	retained	runtime/preview.rs	runtime/preview.rs	7	7	False
preview_rail_measure	retained	runtime/preview.rs	runtime/preview.rs	3	3	False
preview_rail_path	retained	runtime/preview.rs	runtime/preview.rs	9	9	False
preview_rail_tip_anchors	retained	runtime/preview.rs	runtime/preview.rs	58	58	False
preview_refusal_deadline	retained	runtime/preview.rs	runtime/preview.rs	4	4	False
preview_refusal_reason	retained	runtime/preview.rs	runtime/preview.rs	6	6	False
preview_rendered_surface_at	retained	runtime/preview.rs	runtime/preview.rs	11	11	False
preview_resample_deadline	retained	runtime/preview.rs	runtime/preview.rs	11	11	False
preview_save_notice	retained	runtime/preview.rs	runtime/preview.rs	9	9	False
preview_seat_bar_layers	retained	runtime/preview.rs	runtime/preview.rs	14	14	False
preview_seat_video_bars	retained	runtime/preview.rs	runtime/preview.rs	12	12	False
preview_selected_text	retained	runtime/math.rs	runtime/math.rs	33	33	False
preview_shows_live_markdown	retained	runtime/preview.rs	runtime/preview.rs	8	8	False
preview_standing_fact	retained	runtime/preview.rs	runtime/preview.rs	11	11	False
preview_subject	retained	runtime/preview.rs	runtime/preview.rs	3	3	False
preview_surface_at	retained	runtime/preview.rs	runtime/preview.rs	23	23	False
preview_surface_bar	retained	runtime/preview.rs	runtime/preview.rs	25	25	False
preview_surface_bars	retained	runtime/preview.rs	runtime/preview.rs	21	21	False
preview_surface_body_rect	retained	runtime/preview.rs	runtime/preview.rs	20	20	False
preview_surface_document_height	retained	runtime/preview.rs	runtime/preview.rs	13	13	False
preview_surfaces	retained	runtime/preview.rs	runtime/preview.rs	20	20	False
preview_switcher_rows	retained	runtime/preview.rs	runtime/preview.rs	3	3	False
preview_tab	retained	runtime/preview.rs	runtime/preview.rs	4	4	False
preview_tab_id	retained	runtime/preview.rs	runtime/preview.rs	7	7	False
preview_tab_index	retained	runtime/preview.rs	runtime/preview.rs	5	5	False
preview_text_key	retained	runtime/math.rs	runtime/math.rs	44	44	False
preview_web_tool_box	retained	runtime/preview.rs	runtime/preview.rs	21	26	False
preview_wrap	retained	runtime/preview.rs	runtime/preview.rs	6	6	False
profile_menu_layout	retained	runtime/profiles.rs	runtime/profiles.rs	66	66	False
promote_file_peek	retained	runtime/peek.rs	runtime/peek.rs	77	77	False
promote_file_peek_press	retained	runtime/peek.rs	runtime/peek.rs	16	16	False
promote_float_head_press	retained	runtime/mouse.rs	runtime/mouse.rs	29	29	False
psreadline_documents	retained	runtime/first_run.rs	runtime/first_run.rs	6	6	False
psreadline_invite_layout	retained	runtime/first_run.rs	runtime/first_run.rs	45	45	False
psreadline_row_state	retained	runtime/first_run.rs	runtime/first_run.rs	7	7	False
publish_chrome_frame	retained	runtime/frame.rs	runtime/frame.rs	11	41	False
publish_frame	retained	runtime/frame.rs	runtime/frame.rs	5	5	False
publish_frame_inner	retained	runtime/frame.rs	runtime/frame.rs	243	329	False
publish_interaction_frame	retained	runtime/frame.rs	runtime/frame.rs	6	6	False
publish_layout_events	retained	runtime/panes.rs	runtime/panes.rs	6	6	False
publish_pty_drain_frame	retained	runtime/frame.rs	runtime/frame.rs	39	39	False
publish_to_broker	retained	runtime/frame.rs	runtime/frame.rs	35	35	False
push_action_candidates	retained	unassigned	unassigned	26	26	False
push_command_candidates	retained	unassigned	unassigned	42	42	False
push_file_candidates	retained	unassigned	unassigned	21	21	False
push_float_git_page	retained	runtime/git.rs	runtime/git.rs	75	75	False
push_float_graph	retained	runtime/git.rs	runtime/git.rs	48	48	False
push_float_refusal_card	retained	runtime/focus.rs	runtime/focus.rs	30	30	False
push_place_candidates	retained	unassigned	unassigned	30	32	False
push_settings_candidates	retained	runtime/settings.rs	runtime/settings.rs	12	12	False
put_the_window_on_the_glass	retained	runtime/windows.rs	runtime/windows.rs	29	35	False
queue_typing_in_the_focused_pane	retained	runtime/focus.rs	runtime/focus.rs	9	9	False
queue_wheel	retained	runtime/mouse.rs	runtime/mouse.rs	32	54	False
quit_card_layout	retained	runtime/focus.rs	runtime/focus.rs	42	42	False
quit_dirty_names	retained	runtime/windows.rs	runtime/windows.rs	14	14	False
quit_discard	retained	runtime/focus.rs	runtime/focus.rs	6	6	False
quit_save	retained	runtime/windows.rs	runtime/windows.rs	38	38	False
rail_band	retained	runtime/panes.rs	runtime/panes.rs	29	29	False
rail_contains	retained	runtime/panes.rs	runtime/panes.rs	10	10	False
rail_geometry	retained	runtime/panes.rs	runtime/panes.rs	12	12	False
rail_geometry_now	retained	runtime/panes.rs	runtime/panes.rs	14	14	False
rail_grew_a_popup	retained	runtime/panes.rs	runtime/panes.rs	7	7	False
rail_list	retained	runtime/panes.rs	runtime/panes.rs	5	5	False
rail_overlay_layers	retained	runtime/panes.rs	runtime/panes.rs	23	23	False
rail_page	retained	runtime/panes.rs	runtime/panes.rs	7	7	False
rail_posture	retained	runtime/panes.rs	runtime/panes.rs	7	7	False
raise_attention	retained	runtime/attention.rs	runtime/attention.rs	46	46	False
raise_dirty_gate	retained	runtime/windows.rs	runtime/windows.rs	16	16	False
raise_file_menu_on_row	retained	runtime/floats.rs	runtime/floats.rs	42	42	False
raise_first_run_if_due	retained	runtime/first_run.rs	runtime/first_run.rs	71	76	False
raise_notification_refusal	retained	runtime/attention.rs	runtime/attention.rs	8	8	False
raise_psreadline_invite_if_due	retained	runtime/first_run.rs	runtime/first_run.rs	36	37	False
raise_the_float_holding	retained	runtime/floats.rs	runtime/floats.rs	9	9	False
re_ask_the_worker_about_a_link_target	added		unassigned		15	False
reap_exited_tabs	retained	runtime/tabs.rs	runtime/tabs.rs	49	49	False
rearm_hover_intents	retained	runtime/mouse.rs	runtime/mouse.rs	20	20	False
rebuild_first_run_tip_anchors	retained	runtime/first_run.rs	runtime/first_run.rs	9	9	False
rebuild_preview_document	retained	runtime/preview.rs	runtime/preview.rs	467	467	False
rebuild_tooltip_anchors	retained	runtime/tooltips.rs	runtime/tooltips.rs	446	451	False
reclamp_float	retained	runtime/floats.rs	runtime/floats.rs	17	17	False
reconcile_authoritative_dpi	retained	runtime/dpi.rs	runtime/dpi.rs	80	80	False
record_first_run_card	retained	runtime/first_run.rs	runtime/first_run.rs	8	8	False
record_powershell_install_pending	retained	runtime/terminal.rs	runtime/terminal.rs	8	8	False
record_psreadline_invite	retained	runtime/first_run.rs	runtime/first_run.rs	8	8	False
record_settings_key	retained	runtime/settings.rs	runtime/settings.rs	86	86	False
redraw	retained	runtime/frame.rs	runtime/frame.rs	264	352	False
reference_cell_index	retained	unassigned	unassigned	4	4	False
refit_preview_picture	retained	runtime/preview.rs	runtime/preview.rs	402	402	False
refresh_agent_rows	added		runtime/attention.rs		14	False
refresh_chrome	retained	runtime/frame.rs	runtime/frame.rs	1019	3	False
refresh_chrome_with_overlay	added		runtime/floats.rs		1034	False
refresh_chrome_without_overlay	added		runtime/floats.rs		3	False
refresh_files_dir	retained	runtime/files.rs	runtime/files.rs	4	4	False
refresh_files_dirs_at	retained	runtime/files.rs	runtime/files.rs	11	11	False
refresh_focus_thumbnails	retained	runtime/focus.rs	runtime/focus.rs	248	248	False
refresh_formula_overlay_for_present	added		runtime/math.rs		20	False
refresh_git_column	retained	runtime/git.rs	runtime/git.rs	7	7	False
refresh_graph	retained	runtime/git.rs	runtime/git.rs	14	14	False
refresh_image_reference_underline	retained	runtime/preview.rs	runtime/preview.rs	8	8	False
refresh_math_hover_against_the_picture	added		runtime/math.rs		18	False
refresh_overlay	retained	runtime/floats.rs	runtime/floats.rs	443	12	False
refresh_overlay_with_formula	added		runtime/math.rs		447	False
refresh_palette_listing	retained	runtime/palette.rs	runtime/palette.rs	3	3	False
refresh_preview_body	retained	runtime/preview.rs	runtime/preview.rs	9	9	False
refresh_preview_file	retained	runtime/preview.rs	runtime/preview.rs	94	94	False
refresh_preview_for_layout	retained	runtime/preview.rs	runtime/preview.rs	59	59	False
refresh_psreadline_installed	retained	runtime/first_run.rs	runtime/first_run.rs	10	6	False
refresh_scheme_sources	retained	runtime/settings.rs	runtime/settings.rs	12	12	False
refresh_search	retained	runtime/search.rs	runtime/search.rs	151	169	False
refresh_table_paints	retained	runtime/tabs.rs	runtime/tabs.rs	47	47	False
refresh_video_layers	retained	runtime/preview.rs	runtime/preview.rs	8	8	False
refresh_work_area	retained	runtime/windows.rs	runtime/windows.rs	17	17	False
refuse_preview_edit	retained	runtime/preview.rs	runtime/preview.rs	10	10	False
release_drag	retained	runtime/mouse.rs	runtime/mouse.rs	68	68	False
release_file_peek	retained	runtime/peek.rs	runtime/peek.rs	13	13	False
release_file_peek_press	retained	runtime/peek.rs	runtime/peek.rs	11	11	False
release_file_peek_thumb	retained	runtime/peek.rs	runtime/peek.rs	11	11	False
release_preview_text	retained	runtime/math.rs	runtime/math.rs	33	33	False
release_tab_press	retained	runtime/tabs.rs	runtime/tabs.rs	28	28	False
reload_background_picture	retained	runtime/preview.rs	runtime/preview.rs	45	45	False
reload_preview_from_disk	retained	runtime/preview.rs	runtime/preview.rs	14	14	False
remember_decode_for_peek	retained	runtime/peek.rs	runtime/peek.rs	20	20	False
remember_summoned_arrangement	retained	runtime/quake.rs	runtime/quake.rs	22	22	False
rename_files_row	retained	runtime/files.rs	runtime/files.rs	42	44	False
rename_preview_file	retained	runtime/preview.rs	runtime/preview.rs	64	66	False
reoffer_ime_cursor_area	retained	runtime/keyboard.rs	runtime/keyboard.rs	9	11	False
reopen_recent	retained	runtime/windows.rs	runtime/windows.rs	181	187	False
repaint_card_hint	retained	runtime/focus.rs	runtime/focus.rs	8	8	False
repaint_hovered_pane	retained	runtime/panes.rs	runtime/panes.rs	4	6	False
repaint_pane_change	retained	runtime/panes.rs	runtime/panes.rs	10	3	False
repaint_pane_change_inner	added		runtime/panes.rs		17	False
repaint_preview	retained	runtime/preview.rs	runtime/preview.rs	11	11	False
report_explorer_package	retained	runtime/first_run.rs	runtime/first_run.rs	24	24	False
report_launch_refusals	retained	runtime/git.rs	runtime/git.rs	11	11	False
report_move_refusal	retained	runtime/git.rs	runtime/git.rs	8	8	False
report_skipped_schemes	retained	runtime/settings.rs	runtime/settings.rs	11	11	False
represent_on_screen_frame	retained	runtime/frame.rs	runtime/frame.rs	15	17	False
requery_palette	retained	runtime/palette.rs	runtime/palette.rs	3	3	False
request_animation_fill	retained	runtime/preview.rs	runtime/preview.rs	44	44	False
request_animations	retained	runtime/preview.rs	runtime/preview.rs	64	64	False
request_explorer_package	retained	runtime/first_run.rs	runtime/first_run.rs	21	21	False
request_peek_pixels	retained	runtime/peek.rs	runtime/peek.rs	22	22	False
request_preview_math	retained	runtime/math.rs	runtime/math.rs	18	18	False
request_revived_previews	retained	runtime/preview.rs	runtime/preview.rs	77	77	False
request_stale_previews	retained	runtime/preview.rs	runtime/preview.rs	36	36	False
reread_git_origin	retained	runtime/git.rs	runtime/git.rs	37	37	False
reread_git_surfaces	retained	runtime/git.rs	runtime/git.rs	12	12	False
reread_pins	retained	unassigned	unassigned	24	24	False
reread_profiles	retained	runtime/profiles.rs	runtime/profiles.rs	88	79	False
reread_schemes	retained	runtime/settings.rs	runtime/settings.rs	57	57	False
reroot_files_column	retained	runtime/files.rs	runtime/files.rs	24	24	False
rescan_pane_references	retained	runtime/panes.rs	runtime/panes.rs	14	14	False
reseed_editor_env	retained	runtime/launch.rs	runtime/launch.rs	18	18	False
reset_advanced_group	retained	unassigned	unassigned	26	26	False
reset_advanced_row	retained	runtime/settings.rs	runtime/settings.rs	108	121	False
reset_cursor_blink	retained	runtime/keyboard.rs	runtime/keyboard.rs	7	7	False
resize	retained	runtime/dpi.rs	runtime/dpi.rs	95	95	False
resize_floats_to_content	retained	runtime/dpi.rs	runtime/dpi.rs	50	56	False
resize_hidden_leaves_to_layout	retained	runtime/panes.rs	runtime/panes.rs	59	59	False
resize_leaves_to_layout	retained	runtime/panes.rs	runtime/panes.rs	85	85	False
resized	retained	runtime/dpi.rs	runtime/dpi.rs	4	4	False
resizing_cards_frame	retained	runtime/focus.rs	runtime/focus.rs	8	8	False
resolve_document_math	retained	runtime/math.rs	runtime/math.rs	55	55	False
resolve_document_pictures	retained	runtime/preview.rs	runtime/preview.rs	49	49	False
resolve_seat_layout	retained	runtime/panes.rs	runtime/panes.rs	65	65	False
restart_shell	retained	runtime/terminal.rs	runtime/terminal.rs	54	57	False
restate_panel_scroll	retained	runtime/panes.rs	runtime/panes.rs	4	4	False
restore_layout	retained	runtime/panes.rs	runtime/panes.rs	48	48	False
retained_seats	added		runtime/panes.rs		61	False
retarget_row_drop	retained	runtime/mouse.rs	runtime/mouse.rs	11	11	False
retire_drop_preview	retained	runtime/preview.rs	runtime/preview.rs	10	10	False
retire_the_stand_in	retained	unassigned	unassigned	26	26	False
retire_window	retained	runtime/windows.rs	runtime/windows.rs	3	3	False
return_to_live_for_input	retained	unassigned	unassigned	12	12	False
reveal_current_search_hit	retained	runtime/search.rs	runtime/search.rs	35	35	False
reveal_files_root	retained	runtime/files.rs	runtime/files.rs	20	20	False
reveal_files_row	retained	runtime/files.rs	runtime/files.rs	32	32	False
reveal_float_file	retained	runtime/floats.rs	runtime/floats.rs	23	23	False
reveal_float_root	retained	runtime/floats.rs	runtime/floats.rs	25	25	False
reveal_git_row	retained	runtime/git.rs	runtime/git.rs	13	13	False
reveal_graph_row	retained	runtime/git.rs	runtime/git.rs	14	14	False
reveal_in_explorer	retained	unassigned	unassigned	15	15	False
reveal_live_markdown_caret	retained	runtime/preview.rs	runtime/preview.rs	57	57	False
reveal_preview_caret	retained	runtime/preview.rs	runtime/preview.rs	47	47	False
reveal_preview_file	retained	runtime/preview.rs	runtime/preview.rs	44	44	False
reveal_tab	retained	runtime/tabs.rs	runtime/tabs.rs	21	21	False
reveal_verified	added		unassigned		12	False
revive_all_web_pages	retained	runtime/web.rs	runtime/web.rs	6	6	False
revive_web_pages	retained	runtime/web.rs	runtime/web.rs	22	22	False
root_choices	retained	unassigned	unassigned	32	32	False
root_menu_layout	retained	runtime/profiles.rs	runtime/profiles.rs	33	31	False
root_menu_stand	added		runtime/profiles.rs		12	False
row_adopt_fits	retained	unassigned	unassigned	11	11	False
row_geometry	retained	runtime/panes.rs	runtime/panes.rs	43	43	False
row_payload	retained	unassigned	unassigned	16	16	False
row_under	retained	unassigned	unassigned	33	33	False
run_an_application_menu_verb	retained	runtime/floats.rs	runtime/floats.rs	38	38	False
run_file_menu_row	retained	runtime/floats.rs	runtime/floats.rs	123	123	False
run_git_menu_row	retained	runtime/git.rs	runtime/git.rs	256	256	False
run_graph_filter_row	retained	runtime/git.rs	runtime/git.rs	35	35	False
run_palette_row	retained	runtime/palette.rs	runtime/palette.rs	73	74	False
run_pane_menu_row	retained	runtime/panes.rs	runtime/panes.rs	56	56	False
run_pane_verb	retained	runtime/panes.rs	runtime/panes.rs	64	67	False
run_shortcut	retained	runtime/keyboard.rs	runtime/keyboard.rs	161	161	False
run_tab_menu_row	retained	runtime/tabs.rs	runtime/tabs.rs	82	82	False
run_term_menu_row	retained	runtime/floats.rs	runtime/floats.rs	106	106	False
run_web_fault_verb	retained	runtime/web.rs	runtime/web.rs	57	57	False
run_web_head_verb	retained	runtime/web.rs	runtime/web.rs	22	22	False
running_journeys	added		unassigned		23	False
sample_math_toggle	added		runtime/math.rs		21	False
sampled_rail	retained	runtime/panes.rs	runtime/panes.rs	28	28	False
save_clipboard_picture	added		runtime/preview.rs		60	False
save_preview	retained	runtime/preview.rs	runtime/preview.rs	6	6	False
save_preview_on	retained	runtime/preview.rs	runtime/preview.rs	21	21	False
say_address_refused	retained	unassigned	unassigned	8	8	False
scale_factor_changed	retained	runtime/dpi.rs	runtime/dpi.rs	7	12	False
schedule_grid_change	retained	runtime/diagnostics.rs	runtime/diagnostics.rs	32	32	False
scheme_in_force	retained	runtime/settings.rs	runtime/settings.rs	14	14	False
screen_to_client	retained	runtime/terminal.rs	runtime/terminal.rs	4	4	False
scroll_files_tree	retained	runtime/files.rs	runtime/files.rs	32	32	False
scroll_first_run	retained	runtime/first_run.rs	runtime/first_run.rs	18	18	False
scroll_float_git_page	retained	runtime/git.rs	runtime/git.rs	37	37	False
scroll_float_tree	retained	runtime/floats.rs	runtime/floats.rs	30	30	False
scroll_git_graph	retained	runtime/git.rs	runtime/git.rs	29	29	False
scroll_git_panel	retained	runtime/git.rs	runtime/git.rs	27	27	False
scroll_palette_list	retained	runtime/palette.rs	runtime/palette.rs	29	29	False
scroll_preview_block	retained	runtime/preview.rs	runtime/preview.rs	31	31	False
scroll_preview_body	retained	runtime/preview.rs	runtime/preview.rs	49	49	False
scroll_rail	retained	runtime/panes.rs	runtime/panes.rs	64	64	False
scroll_seat_by_columns	retained	runtime/panes.rs	runtime/panes.rs	19	19	False
scroll_seat_to_column	retained	runtime/panes.rs	runtime/panes.rs	15	15	False
scroll_seat_to_subpixels	retained	runtime/panes.rs	runtime/panes.rs	13	16	False
scroll_settings	retained	runtime/settings.rs	runtime/settings.rs	50	50	False
scroll_tab_strip	retained	runtime/tabs.rs	runtime/tabs.rs	60	60	False
scroll_view	retained	runtime/terminal.rs	runtime/terminal.rs	13	17	False
scroll_view_exact_in	retained	runtime/terminal.rs	runtime/terminal.rs	22	28	False
scroll_web_page	retained	runtime/web.rs	runtime/web.rs	56	56	False
search_capsule	retained	runtime/search.rs	runtime/search.rs	12	12	False
search_field_key	retained	runtime/search.rs	runtime/search.rs	111	111	False
search_field_look	retained	runtime/search.rs	runtime/search.rs	22	22	False
search_flags_offered	retained	runtime/search.rs	runtime/search.rs	12	12	False
search_hit_line_text	retained	runtime/math.rs	runtime/math.rs	23	23	False
search_host_seat	retained	runtime/panes.rs	runtime/panes.rs	3	3	False
search_ime	retained	runtime/search.rs	runtime/search.rs	22	22	False
search_layers	retained	runtime/search.rs	runtime/search.rs	31	31	False
search_tip_anchors	retained	runtime/search.rs	runtime/search.rs	25	25	False
seat_a_files_column	retained	runtime/files.rs	runtime/files.rs	21	21	False
seat_can_search	retained	runtime/panes.rs	runtime/panes.rs	8	8	False
seat_holds_a_page	retained	runtime/panes.rs	runtime/panes.rs	3	3	False
seat_metrics	retained	runtime/panes.rs	runtime/panes.rs	3	3	False
seat_path_namespace	retained	runtime/panes.rs	runtime/panes.rs	6	6	False
seat_path_verdict	added		runtime/panes.rs		3	False
seat_preview_caret	retained	runtime/preview.rs	runtime/preview.rs	21	21	False
seats_wearing_a_play_button	retained	runtime/panes.rs	runtime/panes.rs	34	34	False
seek_graph_commit	retained	runtime/git.rs	runtime/git.rs	10	10	False
select_all_in_pane	retained	runtime/panes.rs	runtime/panes.rs	11	11	False
select_float_git_row	retained	runtime/git.rs	runtime/git.rs	10	10	False
select_git_row	retained	runtime/git.rs	runtime/git.rs	6	6	False
select_graph_row	retained	runtime/git.rs	runtime/git.rs	8	8	False
select_search_hit	retained	runtime/search.rs	runtime/search.rs	6	6	False
send_mouse_input_to	retained	runtime/mouse.rs	runtime/mouse.rs	20	20	False
send_owed_markdown_rasters	retained	runtime/preview.rs	runtime/preview.rs	42	42	False
send_to_web_page	retained	runtime/web.rs	runtime/web.rs	14	14	False
send_to_web_page_at	retained	runtime/web.rs	runtime/web.rs	9	9	False
send_user_input	retained	unassigned	unassigned	32	32	False
service_drag_autoscroll	added		runtime/mouse.rs		55	False
service_ime_report	added		runtime/git.rs		7	False
service_pictures	added		runtime/preview.rs		91	False
set_cursor_focus	retained	runtime/focus.rs	runtime/focus.rs	20	20	False
set_files_keyboard	retained	runtime/files.rs	runtime/files.rs	5	5	False
set_files_view	retained	runtime/files.rs	runtime/files.rs	26	26	False
set_focus_mode	retained	runtime/focus.rs	runtime/focus.rs	63	63	False
set_graph_compare	retained	runtime/git.rs	runtime/git.rs	15	15	False
set_hovered_math	retained	runtime/math.rs	runtime/math.rs	14	14	False
set_pane_submenu	retained	runtime/panes.rs	runtime/panes.rs	32	32	False
set_pane_view_selection	retained	runtime/panes.rs	runtime/panes.rs	4	4	False
set_preview_block_scroll	retained	runtime/preview.rs	runtime/preview.rs	20	20	False
set_preview_image_zoom	retained	runtime/preview.rs	runtime/preview.rs	45	45	False
set_rail_state	retained	runtime/panes.rs	runtime/panes.rs	88	88	False
set_tab_run_scroll	retained	runtime/tabs.rs	runtime/tabs.rs	7	7	False
set_tab_submenu	retained	runtime/tabs.rs	runtime/tabs.rs	27	27	False
set_term_submenu	retained	runtime/floats.rs	runtime/floats.rs	24	24	False
settings_content	retained	runtime/settings.rs	runtime/settings.rs	56	56	False
settings_dialog	retained	runtime/settings.rs	runtime/settings.rs	28	30	False
settings_field_key	retained	runtime/settings.rs	runtime/settings.rs	111	116	False
settings_layout	retained	runtime/settings.rs	runtime/settings.rs	67	132	False
settings_mouse_input	retained	runtime/settings.rs	runtime/settings.rs	213	220	False
settings_split_axis	retained	runtime/settings.rs	runtime/settings.rs	10	10	False
settings_values	retained	runtime/settings.rs	runtime/settings.rs	118	126	False
settle_command_rail	retained	runtime/panes.rs	runtime/panes.rs	33	33	False
settle_composition_owner	retained	unassigned	unassigned	10	10	False
settle_deferred_dpi	retained	runtime/dpi.rs	runtime/dpi.rs	18	18	False
settle_dpi_rectangle	retained	runtime/dpi.rs	runtime/dpi.rs	27	27	False
settle_files_locate	retained	runtime/files.rs	runtime/files.rs	25	25	False
settle_focus_on	retained	runtime/focus.rs	runtime/focus.rs	11	11	False
settle_git_pending	retained	runtime/git.rs	runtime/git.rs	42	42	False
settle_home	retained	unassigned	unassigned	31	31	False
settle_landed_head	retained	unassigned	unassigned	29	29	False
settle_math_toggle	added		runtime/math.rs		41	False
settle_palette_scroll	retained	runtime/palette.rs	runtime/palette.rs	12	12	False
settle_pane_notices	retained	runtime/panes.rs	runtime/panes.rs	148	148	False
settle_preview_caret	retained	runtime/preview.rs	runtime/preview.rs	17	17	False
settle_preview_disk_notices	retained	runtime/preview.rs	runtime/preview.rs	3	3	False
settle_preview_goto	retained	runtime/preview.rs	runtime/preview.rs	72	72	False
settle_preview_rails	retained	runtime/preview.rs	runtime/preview.rs	18	18	False
settle_search_change	retained	runtime/search.rs	runtime/search.rs	8	8	False
settle_seat_set_change	retained	runtime/panes.rs	runtime/panes.rs	7	7	False
settle_strip_reorder	retained	runtime/tabs.rs	runtime/tabs.rs	29	29	False
settle_the_web_keyboard	retained	runtime/web.rs	runtime/web.rs	14	14	False
settled_card_ink	retained	runtime/focus.rs	runtime/focus.rs	56	56	False
settled_head_ink	retained	runtime/frame.rs	runtime/frame.rs	40	40	False
settled_tab_ink	retained	runtime/tabs.rs	runtime/tabs.rs	55	55	False
shell_preedit	retained	runtime/keyboard.rs	runtime/keyboard.rs	5	5	False
shortcut_focus	retained	runtime/focus.rs	runtime/focus.rs	34	34	False
show_folder_in_files_column	retained	runtime/files.rs	runtime/files.rs	34	34	False
show_new_window	retained	runtime/windows.rs	runtime/windows.rs	3	3	False
show_open_settings_choice	retained	runtime/settings.rs	runtime/settings.rs	6	6	False
show_or_request_peek	retained	runtime/peek.rs	runtime/peek.rs	86	86	False
show_quake_window	retained	runtime/quake.rs	runtime/quake.rs	63	63	False
show_settings_choice_at	retained	runtime/settings.rs	runtime/settings.rs	7	7	False
slot_starts	retained	unassigned	unassigned	9	9	False
spend_key_hint	retained	runtime/keyboard.rs	runtime/keyboard.rs	6	6	False
spend_powershell_intent	retained	runtime/terminal.rs	runtime/terminal.rs	38	38	False
split_focused_terminal	retained	runtime/focus.rs	runtime/focus.rs	3	3	False
split_seat	retained	runtime/panes.rs	runtime/panes.rs	73	78	False
split_terminal_seat	retained	runtime/panes.rs	runtime/panes.rs	3	3	False
stage	retained	unassigned	unassigned	13	13	False
stage_departure	retained	unassigned	unassigned	11	11	False
stage_menu	retained	runtime/floats.rs	runtime/floats.rs	19	19	False
staged_card_head	retained	runtime/focus.rs	runtime/focus.rs	6	6	False
stand_in_pane	retained	runtime/panes.rs	runtime/panes.rs	22	22	False
standing_block_range	retained	unassigned	unassigned	12	12	False
standing_picture_reach	retained	runtime/preview.rs	runtime/preview.rs	10	10	False
standing_source_block	retained	unassigned	unassigned	13	13	False
start_chevron_turn	retained	runtime/floats.rs	runtime/floats.rs	11	11	False
step_command_mark	retained	runtime/terminal.rs	runtime/terminal.rs	28	30	False
step_graph_search	retained	runtime/git.rs	runtime/git.rs	43	43	False
step_graph_seeks	retained	runtime/git.rs	runtime/git.rs	72	72	False
step_preview_history	retained	runtime/preview.rs	runtime/preview.rs	24	24	False
step_search	retained	runtime/search.rs	runtime/search.rs	21	21	False
step_tab	retained	runtime/tabs.rs	runtime/tabs.rs	6	6	False
stop_video_on	retained	runtime/preview.rs	runtime/preview.rs	11	11	False
store_keybindings	retained	runtime/keyboard.rs	runtime/keyboard.rs	13	13	False
store_profiles	retained	runtime/profiles.rs	runtime/profiles.rs	4	4	False
strip_animation_deadline	gone	runtime/preview.rs		200		False
strip_animation_next_tick	retained	runtime/preview.rs	runtime/preview.rs	6	15	False
strip_animation_work	added		runtime/preview.rs		261	False
strip_geometry	retained	runtime/tabs.rs	runtime/tabs.rs	12	12	False
strip_guests	retained	runtime/tabs.rs	runtime/tabs.rs	3	3	False
strip_stand_in	retained	runtime/tabs.rs	runtime/tabs.rs	109	109	False
summon_shortcut_line	retained	runtime/quake.rs	runtime/quake.rs	7	7	False
surface_is_playing_a_video	retained	runtime/preview.rs	runtime/preview.rs	3	3	False
survey_drop	retained	runtime/mouse.rs	runtime/mouse.rs	65	65	False
survey_strip	retained	runtime/tabs.rs	runtime/tabs.rs	203	203	False
sweep_command_rails	retained	runtime/panes.rs	runtime/panes.rs	16	16	False
sweep_foot_phrases	retained	unassigned	unassigned	25	25	False
sweep_preview_panes	retained	runtime/preview.rs	runtime/preview.rs	125	125	False
sweep_video_seats	retained	runtime/preview.rs	runtime/preview.rs	81	93	False
switch_file_peek	retained	runtime/peek.rs	runtime/peek.rs	25	25	False
switch_math_source_now	added		runtime/math.rs		20	False
sync_drop_preview	retained	runtime/preview.rs	runtime/preview.rs	38	38	False
sync_math_layout_key	retained	runtime/math.rs	runtime/math.rs	21	21	False
sync_math_tools	retained	runtime/math.rs	runtime/math.rs	41	61	False
sync_resizing_cards	retained	runtime/focus.rs	runtime/focus.rs	26	26	False
sync_web_page	retained	runtime/web.rs	runtime/web.rs	236	236	False
tab_index	retained	runtime/tabs.rs	runtime/tabs.rs	7	7	False
tab_index_of	retained	runtime/tabs.rs	runtime/tabs.rs	3	3	False
tab_list_target_at	retained	runtime/tabs.rs	runtime/tabs.rs	63	63	False
tab_menu_deadline	retained	runtime/tabs.rs	runtime/tabs.rs	3	3	False
tab_menu_key	retained	runtime/tabs.rs	runtime/tabs.rs	81	81	False
tab_menu_layer	retained	runtime/tabs.rs	runtime/tabs.rs	26	26	False
tab_menu_layout	retained	runtime/tabs.rs	runtime/tabs.rs	18	18	False
tab_menu_subject	retained	runtime/tabs.rs	runtime/tabs.rs	12	12	False
tab_run	retained	runtime/tabs.rs	runtime/tabs.rs	27	27	False
tab_run_scroll	retained	runtime/tabs.rs	runtime/tabs.rs	7	7	False
tab_slot_of	retained	runtime/tabs.rs	runtime/tabs.rs	6	6	False
tab_state	retained	runtime/tabs.rs	runtime/tabs.rs	6	6	False
tab_surface_now	retained	runtime/tabs.rs	runtime/tabs.rs	4	4	False
tab_surface_tip_text	retained	runtime/math.rs	runtime/math.rs	53	53	False
tab_trailers	retained	runtime/tabs.rs	runtime/tabs.rs	31	31	False
table_paint_stamp	retained	runtime/tabs.rs	runtime/tabs.rs	11	11	False
table_raster	retained	runtime/tabs.rs	runtime/tabs.rs	16	16	False
table_sources	retained	runtime/tabs.rs	runtime/tabs.rs	15	15	False
tabs_showing_the_picture_in	retained	runtime/preview.rs	runtime/preview.rs	12	12	False
take_checkout_undo	retained	runtime/git.rs	runtime/git.rs	14	14	False
take_forward_wheel_lines	retained	runtime/mouse.rs	runtime/mouse.rs	18	18	False
take_forward_wheel_notches	retained	runtime/mouse.rs	runtime/mouse.rs	13	13	False
take_keyboard_into	retained	runtime/keyboard.rs	runtime/keyboard.rs	8	13	False
take_profile_undo	retained	runtime/profiles.rs	runtime/profiles.rs	11	11	False
taken_float_origins	retained	runtime/floats.rs	runtime/floats.rs	7	7	False
tear_out_is_hostable	retained	runtime/tabs.rs	runtime/tabs.rs	13	13	False
term_menu_deadline	retained	runtime/floats.rs	runtime/floats.rs	3	3	False
term_menu_key	retained	runtime/keyboard.rs	runtime/keyboard.rs	74	74	False
term_menu_layer	retained	runtime/floats.rs	runtime/floats.rs	41	47	False
term_menu_layout	retained	runtime/panes.rs	runtime/panes.rs	36	36	False
term_menu_subject	retained	runtime/floats.rs	runtime/floats.rs	20	20	False
terminal_bar_layers	retained	runtime/terminal.rs	runtime/terminal.rs	32	32	False
terminal_bar_under	retained	runtime/terminal.rs	runtime/terminal.rs	9	9	False
terminal_column_bar	retained	runtime/terminal.rs	runtime/terminal.rs	13	13	False
terminal_column_bar_under	retained	runtime/terminal.rs	runtime/terminal.rs	16	16	False
terminal_column_thumb	retained	runtime/focus.rs	runtime/focus.rs	19	19	False
terminal_link_grasp	retained	runtime/terminal.rs	runtime/terminal.rs	15	15	False
terminal_reference_at	retained	runtime/terminal.rs	runtime/terminal.rs	46	46	False
terminal_reference_cell	retained	runtime/terminal.rs	runtime/terminal.rs	12	12	False
terminal_scroll_bar	retained	runtime/terminal.rs	runtime/terminal.rs	12	12	False
terminal_scroll_body	retained	runtime/terminal.rs	runtime/terminal.rs	14	14	False
terminal_thumb_deadline	gone	runtime/focus.rs		36		False
terminal_thumb_work	added		runtime/focus.rs		47	False
to_screen	retained	runtime/terminal.rs	runtime/terminal.rs	4	4	False
toast	retained	runtime/attention.rs	runtime/attention.rs	30	30	False
toast_anchor_rect	retained	runtime/attention.rs	runtime/attention.rs	24	24	False
toast_deadline	retained	runtime/attention.rs	runtime/attention.rs	6	6	False
toast_layer	retained	runtime/attention.rs	runtime/attention.rs	52	52	False
toast_pointer	retained	runtime/attention.rs	runtime/attention.rs	23	23	False
toast_with_verb	retained	runtime/attention.rs	runtime/attention.rs	21	21	False
toasts_owe_frame	retained	runtime/attention.rs	runtime/attention.rs	3	3	False
toggle_advanced_group	retained	unassigned	unassigned	39	40	False
toggle_files_pane	retained	runtime/files.rs	runtime/files.rs	11	11	False
toggle_focus_mode	retained	runtime/focus.rs	runtime/focus.rs	3	3	False
toggle_folder_pin	retained	runtime/files.rs	runtime/files.rs	9	9	False
toggle_git_page	retained	runtime/git.rs	runtime/git.rs	14	14	False
toggle_graph_filter_menu	retained	runtime/git.rs	runtime/git.rs	16	16	False
toggle_pane_menu	retained	runtime/panes.rs	runtime/panes.rs	23	23	False
toggle_pane_zoom	retained	runtime/panes.rs	runtime/panes.rs	11	11	False
toggle_pin	retained	unassigned	unassigned	11	11	False
toggle_preview_lock	retained	runtime/preview.rs	runtime/preview.rs	10	10	False
toggle_preview_menu	retained	runtime/preview.rs	runtime/preview.rs	12	12	False
toggle_profile_menu	retained	runtime/profiles.rs	runtime/profiles.rs	9	9	False
toggle_rail_collapsed	retained	runtime/panes.rs	runtime/panes.rs	6	6	False
toggle_root_menu	retained	runtime/profiles.rs	runtime/profiles.rs	27	27	False
toggle_search_flag	retained	runtime/search.rs	runtime/search.rs	15	15	False
toggle_settings_panel	retained	runtime/settings.rs	runtime/settings.rs	47	58	False
toggle_switcher_pin	retained	unassigned	unassigned	25	25	False
tooltip_anchor_at	retained	runtime/tooltips.rs	runtime/tooltips.rs	9	9	False
tooltip_deadline	retained	runtime/tooltips.rs	runtime/tooltips.rs	8	15	False
tooltip_layer	retained	runtime/tooltips.rs	runtime/tooltips.rs	85	85	False
tooltip_opacity	retained	runtime/tooltips.rs	runtime/tooltips.rs	6	6	False
tooltip_owes_frame	retained	runtime/tooltips.rs	runtime/tooltips.rs	3	3	False
trace_card_scale	retained	runtime/focus.rs	runtime/focus.rs	40	40	False
trace_drain	added		runtime/diagnostics.rs		44	False
trace_math_band	added		runtime/math.rs		8	False
trace_present	retained	runtime/frame.rs	runtime/frame.rs	30	53	False
track_grabbed	retained	unassigned	unassigned	16	16	False
trigger_rect	retained	unassigned	unassigned	62	62	False
trigger_root	retained	unassigned	unassigned	44	44	False
turn	retained	runtime/frame.rs	runtime/frame.rs	446	773	False
uncommitted_edit_name	retained	unassigned	unassigned	54	54	False
undock_files_column	retained	runtime/files.rs	runtime/files.rs	59	65	False
update_chrome_hover	retained	runtime/mouse.rs	runtime/mouse.rs	53	53	False
update_chrome_hover_target	retained	runtime/mouse.rs	runtime/mouse.rs	6	6	False
update_chrome_hover_target_in_pane	retained	runtime/panes.rs	runtime/panes.rs	29	29	False
update_math_hover	retained	runtime/math.rs	runtime/math.rs	27	27	False
vault_this_window	retained	runtime/windows.rs	runtime/windows.rs	25	25	False
verified_target	added		unassigned		3	False
vertical_wheel_travel	retained	runtime/mouse.rs	runtime/mouse.rs	3	3	False
video_bar_layer	retained	runtime/preview.rs	runtime/preview.rs	15	15	False
video_bar_layout_of	retained	runtime/preview.rs	runtime/preview.rs	17	17	False
video_facts_of	retained	runtime/preview.rs	runtime/preview.rs	7	7	False
video_layers	retained	runtime/preview.rs	runtime/preview.rs	61	61	False
video_meta_of	retained	runtime/preview.rs	runtime/preview.rs	9	9	False
video_meta_sentence	retained	runtime/preview.rs	runtime/preview.rs	23	23	False
video_play_button_of	retained	runtime/preview.rs	runtime/preview.rs	26	26	False
video_play_mark_layer	retained	runtime/preview.rs	runtime/preview.rs	28	28	False
video_playing_on	retained	runtime/preview.rs	runtime/preview.rs	3	3	False
video_pointer_surfaces	retained	runtime/preview.rs	runtime/preview.rs	20	20	False
video_shape_of	retained	runtime/preview.rs	runtime/preview.rs	85	85	False
wake_terminal_column	retained	runtime/terminal.rs	runtime/terminal.rs	6	6	False
wake_terminal_thumb	retained	runtime/focus.rs	runtime/focus.rs	6	6	False
watched_files_dirs	retained	runtime/files.rs	runtime/files.rs	33	33	False
watched_preview_files	retained	runtime/preview.rs	runtime/preview.rs	7	7	False
web_find_reported	retained	runtime/git.rs	runtime/git.rs	11	11	False
web_of	retained	runtime/web.rs	runtime/web.rs	3	3	False
web_on	retained	runtime/web.rs	runtime/web.rs	3	3	False
web_on_mut	retained	runtime/web.rs	runtime/web.rs	4	4	False
web_page_at	retained	runtime/web.rs	runtime/web.rs	53	53	False
web_sheet_layers	retained	runtime/web.rs	runtime/web.rs	68	68	False
wheel_columns	retained	runtime/mouse.rs	runtime/mouse.rs	48	56	False
wheel_rail_trace	retained	runtime/panes.rs	runtime/panes.rs	27	27	False
wheel_travel	retained	runtime/mouse.rs	runtime/mouse.rs	22	22	False
widen_preview_caret	retained	runtime/preview.rs	runtime/preview.rs	42	42	False
window_id	retained	runtime/windows.rs	runtime/windows.rs	3	3	False
window_is_iconic	retained	runtime/windows.rs	runtime/windows.rs	5	7	False
window_moved	retained	runtime/windows.rs	runtime/windows.rs	15	22	False
window_ring_layer	retained	runtime/windows.rs	runtime/windows.rs	34	34	False
window_snapshot	retained	runtime/windows.rs	runtime/windows.rs	111	111	False
withdraw_a_blank_page	retained	runtime/tabs.rs	runtime/tabs.rs	58	58	False
woke_terminal_thumb	retained	runtime/focus.rs	runtime/focus.rs	7	7	False
write_editor_field	retained	unassigned	unassigned	55	55	False
write_ime_observation	added		runtime/keyboard.rs		3	False
write_to_repository	retained	runtime/git.rs	runtime/git.rs	8	8	False
